PatchID,XCOORD,YCOORD,ID,MID,FID,sex,age,size,mature,newmature,layeggs,capture,recapture,infection,CDist,Hindex,Species,ClassFile,SubPatchID,L0A0,L0A1,L1A0,L1A1
1,43.908878,-122.157688,I1_F1_m1f9_P1_Y5_UO190,S1_F1_m1f1_P1_Y3_UO553,I9_F9_m-1f-1_P9_Y-1_U417,FXX,40,0.0,1,0,1.0,0,0,0,-9999.0,0.625,1,P0_CV0,1,2,0,0,2
1,43.908878,-122.157688,I1_F1_m1f8_P1_Y4_UO188,S1_F1_m1f1_P1_Y2_UO1580,I8_F8_m-1f-1_P8_Y-1_U116,FXX,41,0.0,1,0,1.0,0,0,0,-9999.0,0.5,1,P0_CV0,1,2,0,1,1
1,43.908878,-122.157688,I1_F1_m1f14_P1_Y4_UO292,S1_F1_m1f14_P1_Y2_UO1250,I14_F14_m-1f-1_P14_Y-1_U380,FXX,41,0.0,1,0,1.0,0,0,0,-9999.0,0.625,1,P0_CV0,1,2,0,0,2
1,43.908878,-122.157688,I1_F1_m1f2_P1_Y3_UO492,I1_F1_m1f13_P1_Y0_UO9,I2_F2_m-1f-1_P2_Y-1_U189,FXX,42,0.0,1,0,1.0,0,0,0,-9999.0,0.875,1,P0_CV0,1,2,0,1,1
1,43.908878,-122.157688,I1_F1_m1f3_P1_Y4_UO1028,S1_F1_m1f15_P1_Y2_UO477,I3_F3_m-1f-1_P3_Y-1_U83,FXX,41,0.0,1,0,1.0,0,0,0,-9999.0,0.5625,1,P14_CV0,1,2,0,1,1
1,43.908878,-122.157688,I1_F1_m1f9_P1_Y5_UO586,S1_F1_m1f2_P1_Y3_UO16,I9_F9_m-1f-1_P9_Y-1_U417,FXX,40,0.0,1,0,1.0,0,0,0,-9999.0,0.6875,1,P1_CV0,1,2,0,0,2
1,43.908878,-122.157688,I1_F1_m1f9_P1_Y5_UO628,S1_F1_m1f2_P1_Y3_UO254,I9_F9_m-1f-1_P9_Y-1_U417,FXX,40,0.0,1,0,1.0,0,0,0,-9999.0,0.625,1,P1_CV0,1,2,0,0,2
1,43.908878,-122.157688,I1_F1_m1f9_P1_Y5_UO587,S1_F1_m1f2_P1_Y3_UO16,I9_F9_m-1f-1_P9_Y-1_U417,FXX,40,0.0,1,0,1.0,0,0,0,-9999.0,0.6875,1,P1_CV0,1,2,0,2,0
1,43.908878,-122.157688,I1_F1_m1f9_P1_Y5_UO624,S1_F1_m1f2_P1_Y3_UO254,I9_F9_m-1f-1_P9_Y-1_U417,FXX,40,0.0,1,0,1.0,0,0,0,-9999.0,0.625,1,P1_CV0,1,2,0,1,1
1,43.908878,-122.157688,I1_F1_m1f9_P1_Y5_UO889,S1_F1_m1f4_P1_Y3_UO781,I9_F9_m-1f-1_P9_Y-1_U417,FXX,40,0.0,1,0,1.0,0,0,0,-9999.0,0.5625,1,P5_CV0,1,2,0,2,0
1,43.908878,-122.157688,I1_F1_m1f9_P1_Y5_UO1037,I1_F1_m1f8_P1_Y2_UO2030,I9_F9_m-1f-1_P9_Y-1_U417,FXX,40,0.0,1,0,1.0,0,0,0,-9999.0,0.625,1,P7_CV0,1,2,0,1,1
1,43.908878,-122.157688,I1_F1_m1f8_P1_Y4_UO1210,S1_F1_m1f3_P1_Y2_UO736,I8_F8_m-1f-1_P8_Y-1_U116,FXX,41,0.0,1,0,1.0,0,0,0,-9999.0,0.5,1,P7_CV0,1,1,1,2,0
1,43.908878,-122.157688,I1_F1_m1f9_P1_Y5_UO206,S1_F1_m1f9_P1_Y3_UO193,I9_F9_m-1f-1_P9_Y-1_U417,FXX,40,0.0,1,0,1.0,0,0,0,-9999.0,0.5,1,P8_CV0,1,1,1,2,0
1,43.908878,-122.157688,I1_F1_m1f9_P1_Y5_UO1183,I1_F1_m1f12_P1_Y2_UO2751,I9_F9_m-1f-1_P9_Y-1_U417,FXX,40,0.0,1,0,1.0,0,0,0,-9999.0,0.5625,1,P8_CV0,1,1,1,2,0
1,43.908878,-122.157688,I1_F1_m1f9_P1_Y5_UO741,S1_F1_m1f4_P1_Y3_UO696,I9_F9_m-1f-1_P9_Y-1_U417,FXX,40,0.0,1,0,1.0,0,0,0,-9999.0,0.5625,1,P8_CV0,1,2,0,1,1
1,43.908878,-122.157688,I1_F1_m1f9_P1_Y5_UO644,S1_F1_m1f2_P1_Y3_UO256,I9_F9_m-1f-1_P9_Y-1_U417,FXX,40,0.0,1,0,1.0,0,0,0,-9999.0,0.625,1,P8_CV0,1,1,1,0,2
1,43.908878,-122.157688,I1_F1_m1f9_P1_Y5_UO1118,S1_F1_m1f9_P1_Y3_UO281,I9_F9_m-1f-1_P9_Y-1_U417,FXX,40,0.0,1,0,1.0,0,0,0,-9999.0,0.625,1,P8_CV0,1,2,0,0,2
1,43.908878,-122.157688,I1_F1_m1f9_P1_Y5_UO1270,I1_F1_m1f5_P1_Y2_UO2888,I9_F9_m-1f-1_P9_Y-1_U417,FXX,40,0.0,1,0,1.0,0,0,0,-9999.0,0.625,1,P8_CV0,1,1,1,1,1
1,43.908878,-122.157688,I1_F1_m1f9_P1_Y3_UO236,S1_F1_m1f6_P1_Y1_UO328,I9_F9_m-1f-1_P9_Y-1_U148,FXX,42,0.0,1,0,1.0,0,0,0,-9999.0,1.0,1,P8_CV0,1,2,0,1,1
1,43.908878,-122.157688,I1_F1_m1f14_P1_Y4_UO1893,S1_F1_m1f10_P1_Y2_UO2337,I14_F14_m-1f-1_P14_Y-1_U380,FXX,41,0.0,1,0,1.0,0,0,0,-9999.0,0.625,1,P9_CV0,1,2,0,1,1
1,43.908878,-122.157688,I1_F1_m1f4_P1_Y4_UO1961,S1_F1_m1f3_P1_Y2_UO2802,I4_F4_m-1f-1_P4_Y-1_U247,FXX,41,0.0,1,0,1.0,0,0,0,-9999.0,0.625,1,P9_CV0,1,1,1,1,1
1,43.908878,-122.157688,I1_F1_m1f2_P1_Y4_UO2017,I1_F1_m1f10_P1_Y1_UO297,I2_F2_m-1f-1_P2_Y-1_U189,FXX,41,0.0,1,0,1.0,0,0,0,-9999.0,1.0,1,P9_CV0,1,2,0,0,2
2,44.137204,-122.472929,I2_F2_m2f9_P2_Y5_UO1300,S2_F2_m2f10_P2_Y3_UO1014,I9_F9_m-1f-1_P9_Y-1_U417,FXX,40,0.0,1,0,1.0,0,0,0,-9999.0,0.625,1,P0_CV0,2,2,0,1,1
2,44.137204,-122.472929,I2_F2_m2f1_P2_Y4_UO2429,S2_F2_m2f4_P2_Y2_UO3329,I1_F1_m-1f-1_P1_Y-1_U332,FXX,41,0.0,1,0,1.0,0,0,0,-9999.0,0.75,1,P0_CV0,2,2,0,0,2
2,44.137204,-122.472929,I2_F2_m2f1_P2_Y4_UO2117,S2_F2_m2f15_P2_Y2_UO2935,I1_F1_m-1f-1_P1_Y-1_U332,FXX,41,0.0,1,0,1.0,0,0,0,-9999.0,0.5,1,P0_CV0,2,2,0,1,1
2,44.137204,-122.472929,I2_F2_m2f10_P2_Y3_UO1020,I2_F2_m2f1_P2_Y0_UO467,I10_F10_m-1f-1_P10_Y-1_U212,FXX,42,0.0,1,0,1.0,0,0,0,-9999.0,0.75,1,P0_CV0,2,2,0,2,0
2,44.137204,-122.472929,I2_F2_m2f10_P2_Y3_UO1014,I2_F2_m2f1_P2_Y0_UO467,I10_F10_m-1f-1_P10_Y-1_U212,FXX,42,0.0,1,0,1.0,0,0,0,-9999.0,0.75,1,P0_CV0,2,2,0,2,0
2,44.137204,-122.472929,I2_F2_m2f9_P2_Y5_UO1364,S2_F2_m2f16_P2_Y3_UO1115,I9_F9_m-1f-1_P9_Y-1_U417,FXX,40,0.0,1,0,1.0,0,0,0,-9999.0,0.5625,1,P15_CV0,2,2,0,1,1
2,44.137204,-122.472929,I2_F2_m2f9_P2_Y5_UO1487,I2_F2_m2f2_P2_Y2_UO3201,I9_F9_m-1f-1_P9_Y-1_U417,FXX,40,0.0,1,0,1.0,0,0,0,-9999.0,0.6875,1,P1_CV0,2,2,0,1,1
2,44.137204,-122.472929,I2_F2_m2f3_P2_Y4_UO2288,I2_F2_m2f6_P2_Y1_UO428,I3_F3_m-1f-1_P3_Y-1_U83,FXX,41,0.0,1,0,1.0,0,0,0,-9999.0,0.625,1,P1_CV0,2,2,0,1,1
2,44.137204,-122.472929,I2_F2_m2f8_P2_Y4_UO2289,I2_F2_m2f5_P2_Y0_UO886,I8_F8_m-1f-1_P8_Y-1_U116,FXX,41,0.0,1,0,1.0,0,0,0,-9999.0,0.625,1,P1_CV0,2,2,0,1,1
2,44.137204,-122.472929,I2_F2_m2f15_P2_Y3_UO1174,I2_F2_m2f12_P2_Y0_UO825,I15_F15_m-1f-1_P15_Y-1_U434,FXX,42,0.0,1,0,1.0,0,0,0,-9999.0,0.625,1,P1_CV0,2,2,0,2,0
2,44.137204,-122.472929,I2_F2_m2f12_P2_Y0_UO825,R2_F2_m-1f-1_P2_Y-1_U409,R12_F12_m-1f-1_P12_Y-1_U141,FXX,45,0.0,1,0,1.0,0,0,0,-9999.0,0.75,1,P1_CV0,2,2,0,1,1
2,44.137204,-122.472929,I2_F2_m2f7_P2_Y4_UO2318,S2_F2_m2f3_P2_Y2_UO3314,I7_F7_m-1f-1_P7_Y-1_U459,FXX,41,0.0,1,0,1.0,0,0,0,-9999.0,0.6875,1,P2_CV0,2,2,0,0,2
2,44.137204,-122.472929,I2_F2_m2f3_P2_Y3_UO1029,I2_F2_m2f12_P2_Y0_UO520,I3_F3_m-1f-1_P3_Y-1_U83,FXX,42,0.0,1,0,1.0,0,0,0,-9999.0,0.625,1,P2_CV0,2,2,0,2,0
2,44.137204,-122.472929,I2_F2_m2f5_P2_Y2_UO3264,S2_F2_m2f3_P2_Y0_UO923,I5_F5_m-1f-1_P5_Y-1_U223,FXX,43,0.0,1,0,1.0,0,0,0,-9999.0,0.875,1,P2_CV0,2,2,0,1,1
2,44.137204,-122.472929,I2_F2_m2f4_P2_Y4_UO2335,I2_F2_m2f3_P2_Y0_UO923,I4_F4_m-1f-1_P4_Y-1_U247,FXX,41,0.0,1,0,1.0,0,0,0,-9999.0,0.625,1,P3_CV0,2,2,0,1,1
2,44.137204,-122.472929,I2_F2_m2f9_P2_Y5_UO1594,S2_F2_m2f9_P2_Y3_UO1320,I9_F9_m-1f-1_P9_Y-1_U417,FXX,40,0.0,1,0,1.0,0,0,0,-9999.0,0.6875,1,P4_CV0,2,2,0,2,0
2,44.137204,-122.472929,I2_F2_m2f9_P2_Y5_UO1654,I2_F2_m2f11_P2_Y2_UO3320,I9_F9_m-1f-1_P9_Y-1_U417,FXX,40,0.0,1,0,1.0,0,0,0,-9999.0,0.5625,1,P6_CV0,2,2,0,1,1
2,44.137204,-122.472929,I2_F2_m2f9_P2_Y5_UO1665,I2_F2_m2f7_P2_Y2_UO3192,I9_F9_m-1f-1_P9_Y-1_U417,FXX,40,0.0,1,0,1.0,0,0,0,-9999.0,0.5625,1,P6_CV0,2,2,0,0,2
2,44.137204,-122.472929,I2_F2_m2f8_P2_Y4_UO2225,S2_F2_m2f16_P2_Y2_UO3043,I8_F8_m-1f-1_P8_Y-1_U191,FXX,41,0.0,1,0,1.0,0,0,0,-9999.0,0.625,1,P7_CV0,2,2,0,0,2
2,44.137204,-122.472929,I2_F2_m2f9_P2_Y5_UO1497,I2_F2_m2f8_P2_Y2_UO3067,I9_F9_m-1f-1_P9_Y-1_U417,FXX,40,0.0,1,0,1.0,0,0,0,-9999.0,0.6875,1,P8_CV0,2,2,0,1,1
2,44.137204,-122.472929,I2_F2_m2f9_P2_Y5_UO1524,I2_F2_m2f12_P2_Y0_UO825,I9_F9_m-1f-1_P9_Y-1_U417,FXX,40,0.0,1,0,1.0,0,0,0,-9999.0,0.625,1,P8_CV0,2,2,0,2,0
2,44.137204,-122.472929,I2_F2_m2f9_P2_Y5_UO1563,I2_F2_m2f5_P2_Y2_UO3263,I9_F9_m-1f-1_P9_Y-1_U417,FXX,40,0.0,1,0,1.0,0,0,0,-9999.0,0.6875,1,P8_CV0,2,2,0,0,2
2,44.137204,-122.472929,I2_F2_m2f9_P2_Y5_UO1570,I2_F2_m2f5_P2_Y2_UO3264,I9_F9_m-1f-1_P9_Y-1_U417,FXX,40,0.0,1,0,1.0,0,0,0,-9999.0,0.6875,1,P8_CV0,2,2,0,2,0
2,44.137204,-122.472929,I2_F2_m2f9_P2_Y5_UO1651,I2_F2_m2f11_P2_Y2_UO3320,I9_F9_m-1f-1_P9_Y-1_U417,FXX,40,0.0,1,0,1.0,0,0,0,-9999.0,0.5625,1,P8_CV0,2,2,0,2,0
2,44.137204,-122.472929,I2_F2_m2f9_P2_Y5_UO1661,I2_F2_m2f7_P2_Y2_UO3192,I9_F9_m-1f-1_P9_Y-1_U417,FXX,40,0.0,1,0,1.0,0,0,0,-9999.0,0.5625,1,P8_CV0,2,2,0,1,1
2,44.137204,-122.472929,I2_F2_m2f9_P2_Y5_UO1695,S2_F2_m2f9_P2_Y3_UO1318,I9_F9_m-1f-1_P9_Y-1_U417,FXX,40,0.0,1,0,1.0,0,0,0,-9999.0,0.6875,1,P8_CV0,2,2,0,2,0
2,44.137204,-122.472929,I2_F2_m2f9_P2_Y4_UO2298,I2_F2_m2f14_P2_Y0_UO538,I9_F9_m-1f-1_P9_Y-1_U417,FXX,41,0.0,1,0,1.0,0,0,0,-9999.0,0.625,1,P8_CV0,2,2,0,1,1
3,43.40887665,-122.52291,I3_F3_m3f13_P3_Y3_UO1606,I3_F3_m3f6_P3_Y0_UO1348,I13_F13_m-1f-1_P13_Y-1_U456,FXX,42,0.0,1,0,1.0,0,0,0,-9999.0,0.625,1,P12_CV0,1,1,1,0,2
3,43.40887665,-122.52291,I3_F3_m3f9_P3_Y5_UO1763,S3_F3_m3f15_P3_Y3_UO1454,I9_F9_m-1f-1_P9_Y-1_U417,FXX,40,0.0,1,0,1.0,0,0,0,-9999.0,0.5625,1,P14_CV0,1,1,1,1,1
3,43.40887665,-122.52291,I3_F3_m3f9_P3_Y5_UO1804,I3_F3_m3f2_P3_Y2_UO3767,I9_F9_m-1f-1_P9_Y-1_U417,FXX,40,0.0,1,0,1.0,0,0,0,-9999.0,0.5625,1,P1_CV0,1,2,0,2,0
3,43.40887665,-122.52291,I3_F3_m3f8_P3_Y4_UO2597,S3_F3_m3f2_P3_Y2_UO3767,I8_F8_m-1f-1_P8_Y-1_U191,FXX,41,0.0,1,0,1.0,0,0,0,-9999.0,0.5625,1,P1_CV0,1,2,0,1,1
3,43.40887665,-122.52291,I3_F3_m3f2_P3_Y3_UO1625,I3_F3_m3f6_P3_Y0_UO1306,I2_F2_m-1f-1_P2_Y-1_U189,FXX,42,0.0,1,0,1.0,0,0,0,-9999.0,1.0,1,P1_CV0,1,2,0,1,1
3,43.40887665,-122.52291,I3_F3_m3f9_P3_Y5_UO1964,I3_F3_m3f6_P3_Y0_UO1348,I9_F9_m-1f-1_P9_Y-1_U417,FXX,40,0.0,1,0,1.0,0,0,0,-9999.0,0.625,1,P2_CV0,1,1,1,1,1
3,43.40887665,-122.52291,I3_F3_m3f9_P3_Y5_UO1973,I3_F3_m3f4_P3_Y0_UO966,I9_F9_m-1f-1_P9_Y-1_U417,FXX,40,0.0,1,0,1.0,0,0,0,-9999.0,0.625,1,P2_CV0,1,1,1,1,1
3,43.40887665,-122.52291,I3_F3_m3f9_P3_Y5_UO1829,S3_F3_m3f5_P3_Y3_UO1651,I9_F9_m-1f-1_P9_Y-1_U417,FXX,40,0.0,1,0,1.0,0,0,0,-9999.0,0.5625,1,P2_CV0,1,2,0,2,0
3,43.40887665,-122.52291,I3_F3_m3f9_P3_Y5_UO1863,S3_F3_m3f4_P3_Y3_UO1654,I9_F9_m-1f-1_P9_Y-1_U417,FXX,40,0.0,1,0,1.0,0,0,0,-9999.0,0.5,1,P2_CV0,1,2,0,0,2
3,43.40887665,-122.52291,I3_F3_m3f9_P3_Y5_UO1931,I3_F3_m3f7_P3_Y2_UO3571,I9_F9_m-1f-1_P9_Y-1_U417,FXX,40,0.0,1,0,1.0,0,0,0,-9999.0,0.4375,1,P2_CV0,1,2,0,2,0
3,43.40887665,-122.52291,I3_F3_m3f9_P3_Y4_UO2664,S3_F3_m3f15_P3_Y2_UO3529,I9_F9_m-1f-1_P9_Y-1_U417,FXX,41,0.0,1,0,1.0,0,0,0,-9999.0,0.5,1,P2_CV0,1,2,0,1,1
3,43.40887665,-122.52291,I3_F3_m3f14_P3_Y4_UO2668,S3_F3_m3f7_P3_Y2_UO3625,I14_F14_m-1f-1_P14_Y-1_U380,FXX,41,0.0,1,0,1.0,0,0,0,-9999.0,0.5625,1,P2_CV0,1,2,0,1,1
3,43.40887665,-122.52291,I3_F3_m3f7_P3_Y2_UO3625,S3_F3_m3f15_P3_Y0_UO1253,I7_F7_m-1f-1_P7_Y-1_U231,FXX,43,0.0,1,0,1.0,0,0,0,-9999.0,0.625,1,P2_CV0,1,2,0,1,1
3,43.40887665,-122.52291,I3_F3_m3f9_P3_Y5_UO1992,I3_F3_m3f4_P3_Y2_UO3400,I9_F9_m-1f-1_P9_Y-1_U417,FXX,40,0.0,1,0,1.0,0,0,0,-9999.0,0.5625,1,P3_CV0,1,2,0,1,1
3,43.40887665,-122.52291,I3_F3_m3f3_P3_Y4_UO2802,S3_F3_m3f4_P3_Y2_UO3400,I3_F3_m-1f-1_P3_Y-1_U83,FXX,41,0.0,1,0,1.0,0,0,0,-9999.0,0.5625,1,P3_CV0,1,1,1,1,1
3,43.40887665,-122.52291,I3_F3_m3f4_P3_Y4_UO2894,S3_F3_m3f9_P3_Y2_UO3800,I4_F4_m-1f-1_P4_Y-1_U247,FXX,41,0.0,1,0,1.0,0,0,0,-9999.0,0.4375,1,P3_CV0,1,1,1,1,1
3,43.40887665,-122.52291,I3_F3_m3f9_P3_Y5_UO1998,S3_F3_m3f5_P3_Y3_UO1709,I9_F9_m-1f-1_P9_Y-1_U417,FXX,40,0.0,1,0,1.0,0,0,0,-9999.0,0.6875,1,P4_CV0,1,2,0,2,0
3,43.40887665,-122.52291,I3_F3_m3f9_P3_Y5_UO2006,I3_F3_m3f5_P3_Y2_UO3423,I9_F9_m-1f-1_P9_Y-1_U417,FXX,40,0.0,1,0,1.0,0,0,0,-9999.0,0.4375,1,P4_CV0,1,1,1,2,0
3,43.40887665,-122.52291,I3_F3_m3f4_P3_Y4_UO2827,S3_F3_m3f5_P3_Y2_UO3740,I4_F4_m-1f-1_P4_Y-1_U247,FXX,41,0.0,1,0,1.0,0,0,0,-9999.0,0.5625,1,P4_CV0,1,1,1,2,0
3,43.40887665,-122.52291,I3_F3_m3f7_P3_Y4_UO2777,I3_F3_m3f4_P3_Y0_UO967,I7_F7_m-1f-1_P7_Y-1_U459,FXX,41,0.0,1,0,1.0,0,0,0,-9999.0,0.625,1,P6_CV0,1,2,0,0,2
3,43.40887665,-122.52291,I3_F3_m3f9_P3_Y5_UO1881,S3_F3_m3f7_P3_Y3_UO1468,I9_F9_m-1f-1_P9_Y-1_U417,FXX,40,0.0,1,0,1.0,0,0,0,-9999.0,0.5625,1,P8_CV0,1,2,0,2,0
3,43.40887665,-122.52291,I3_F3_m3f9_P3_Y5_UO2102,S3_F3_m3f9_P3_Y3_UO1742,I9_F9_m-1f-1_P9_Y-1_U417,FXX,40,0.0,1,0,1.0,0,0,0,-9999.0,0.625,1,P8_CV0,1,2,0,1,1
3,43.40887665,-122.52291,I3_F3_m3f9_P3_Y5_UO1728,S3_F3_m3f1_P3_Y3_UO1437,I9_F9_m-1f-1_P9_Y-1_U417,FXX,40,0.0,1,0,1.0,0,0,0,-9999.0,0.6875,1,P8_CV0,1,2,0,2,0
3,43.40887665,-122.52291,I3_F3_m3f9_P3_Y5_UO2113,S3_F3_m3f9_P3_Y3_UO1692,I9_F9_m-1f-1_P9_Y-1_U417,FXX,40,0.0,1,0,1.0,0,0,0,-9999.0,0.6875,1,P8_CV0,1,2,0,1,1
3,43.40887665,-122.52291,I3_F3_m3f9_P3_Y5_UO2063,I3_F3_m3f12_P3_Y2_UO3797,I9_F9_m-1f-1_P9_Y-1_U417,FXX,40,0.0,1,0,1.0,0,0,0,-9999.0,0.625,1,P8_CV0,1,2,0,2,0
3,43.40887665,-122.52291,I3_F3_m3f9_P3_Y5_UO1877,S3_F3_m3f7_P3_Y3_UO1468,I9_F9_m-1f-1_P9_Y-1_U417,FXX,40,0.0,1,0,1.0,0,0,0,-9999.0,0.5625,1,P8_CV0,1,2,0,0,2
3,43.40887665,-122.52291,I3_F3_m3f9_P3_Y5_UO2116,I3_F3_m3f9_P3_Y1_UO701,I9_F9_m-1f-1_P9_Y-1_U417,FXX,40,0.0,1,0,1.0,0,0,0,-9999.0,0.75,1,P8_CV0,1,2,0,1,1
3,43.40887665,-122.52291,I3_F3_m3f9_P3_Y4_UO2924,S3_F3_m3f10_P3_Y2_UO3697,I9_F9_m-1f-1_P9_Y-1_U417,FXX,41,0.0,1,0,1.0,0,0,0,-9999.0,0.625,1,P8_CV0,1,2,0,1,1
3,43.40887665,-122.52291,I3_F3_m3f9_P3_Y4_UO2878,S3_F3_m3f7_P3_Y2_UO3483,I9_F9_m-1f-1_P9_Y-1_U417,FXX,41,0.0,1,0,1.0,0,0,0,-9999.0,0.5,1,P8_CV0,1,2,0,1,1
3,43.40887665,-122.52291,I3_F3_m3f9_P3_Y5_UO2122,S3_F3_m3f10_P3_Y3_UO1464,I9_F9_m-1f-1_P9_Y-1_U417,FXX,40,0.0,1,0,1.0,0,0,0,-9999.0,0.625,1,P9_CV0,1,2,0,2,0
4,45.1161817,-122.0584679,I4_F4_m4f9_P4_Y5_UO2192,S4_F4_m4f14_P4_Y3_UO2127,I9_F9_m-1f-1_P9_Y-1_U417,FXX,40,0.0,1,0,1.0,0,0,0,-9999.0,0.5,1,P13_CV0,1,2,0,2,0
4,45.1161817,-122.0584679,I4_F4_m4f9_P4_Y5_UO2191,S4_F4_m4f14_P4_Y3_UO2127,I9_F9_m-1f-1_P9_Y-1_U417,FXX,40,0.0,1,0,1.0,0,0,0,-9999.0,0.5,1,P13_CV0,1,2,0,1,1
4,45.1161817,-122.0584679,I4_F4_m4f9_P4_Y5_UO2249,S4_F4_m4f15_P4_Y3_UO2154,I9_F9_m-1f-1_P9_Y-1_U417,FXX,40,0.0,1,0,1.0,0,0,0,-9999.0,0.625,1,P14_CV0,1,2,0,0,2
4,45.1161817,-122.0584679,I4_F4_m4f9_P4_Y5_UO2268,I4_F4_m4f15_P4_Y2_UO3909,I9_F9_m-1f-1_P9_Y-1_U417,FXX,40,0.0,1,0,1.0,0,0,0,-9999.0,0.5625,1,P14_CV0,1,1,1,1,1
4,45.1161817,-122.0584679,I4_F4_m4f9_P4_Y5_UO2290,I4_F4_m4f16_P4_Y2_UO4037,I9_F9_m-1f-1_P9_Y-1_U417,FXX,40,0.0,1,0,1.0,0,0,0,-9999.0,0.5625,1,P15_CV0,1,2,0,1,1
4,45.1161817,-122.0584679,I4_F4_m4f9_P4_Y5_UO2329,S4_F4_m4f3_P4_Y3_UO1847,I9_F9_m-1f-1_P9_Y-1_U417,FXX,40,0.0,1,0,1.0,0,0,0,-9999.0,0.5625,1,P2_CV0,1,1,1,1,1
4,45.1161817,-122.0584679,I4_F4_m4f3_P4_Y4_UO3120,S4_F4_m4f3_P4_Y2_UO3969,I3_F3_m-1f-1_P3_Y-1_U83,FXX,41,0.0,1,0,1.0,0,0,0,-9999.0,0.625,1,P2_CV0,1,2,0,0,2
4,45.1161817,-122.0584679,I4_F4_m4f3_P4_Y3_UO1815,S4_F4_m4f2_P4_Y1_UO1051,I3_F3_m-1f-1_P3_Y-1_U83,FXX,42,0.0,1,0,1.0,0,0,0,-9999.0,0.625,1,P2_CV0,1,2,0,1,1
4,45.1161817,-122.0584679,I4_F4_m4f9_P4_Y5_UO2396,S4_F4_m4f9_P4_Y3_UO2098,I9_F9_m-1f-1_P9_Y-1_U417,FXX,40,0.0,1,0,1.0,0,0,0,-9999.0,0.625,1,P3_CV0,1,1,1,1,1
4,45.1161817,-122.0584679,I4_F4_m4f9_P4_Y5_UO2442,I4_F4_m4f2_P4_Y2_UO3962,I9_F9_m-1f-1_P9_Y-1_U417,FXX,40,0.0,1,0,1.0,0,0,0,-9999.0,0.5625,1,P3_CV0,1,1,1,1,1
4,45.1161817,-122.0584679,I4_F4_m4f2_P4_Y4_UO3205,S4_F4_m4f8_P4_Y2_UO3998,I2_F2_m-1f-1_P2_Y-1_U189,FXX,41,0.0,1,0,1.0,0,0,0,-9999.0,0.6875,1,P3_CV0,1,2,0,0,2
4,45.1161817,-122.0584679,I4_F4_m4f8_P4_Y4_UO3172,S4_F4_m4f4_P4_Y2_UO4136,I8_F8_m-1f-1_P8_Y-1_U191,FXX,41,0.0,1,0,1.0,0,0,0,-9999.0,0.5,1,P3_CV0,1,2,0,0,2
4,45.1161817,-122.0584679,I4_F4_m4f2_P4_Y2_UO3962,S4_F4_m4f5_P4_Y0_UO1425,I2_F2_m-1f-1_P2_Y-1_U194,FXX,43,0.0,1,0,1.0,0,0,0,-9999.0,0.625,1,P3_CV0,1,2,0,0,2
4,45.1161817,-122.0584679,I4_F4_m4f8_P4_Y2_UO4101,S4_F4_m4f7_P4_Y0_UO1820,I8_F8_m-1f-1_P8_Y-1_U168,FXX,43,0.0,1,0,1.0,0,0,0,-9999.0,0.5,1,P3_CV0,1,2,0,1,1
4,45.1161817,-122.0584679,I4_F4_m4f9_P4_Y5_UO2485,S4_F4_m4f7_P4_Y3_UO2021,I9_F9_m-1f-1_P9_Y-1_U417,FXX,40,0.0,1,0,1.0,0,0,0,-9999.0,0.5,1,P6_CV0,1,2,0,0,2
4,45.1161817,-122.0584679,I4_F4_m4f4_P4_Y4_UO3291,S4_F4_m4f8_P4_Y2_UO4227,I4_F4_m-1f-1_P4_Y-1_U247,FXX,41,0.0,1,0,1.0,0,0,0,-9999.0,0.5625,1,P6_CV0,1,1,1,2,0
4,45.1161817,-122.0584679,I4_F4_m4f8_P4_Y4_UO3051,I4_F4_m4f15_P4_Y1_UO1033,I8_F8_m-1f-1_P8_Y-1_U191,FXX,41,0.0,1,0,1.0,0,0,0,-9999.0,0.625,1,P7_CV0,1,2,0,0,2
4,45.1161817,-122.0584679,I4_F4_m4f9_P4_Y5_UO2483,S4_F4_m4f7_P4_Y3_UO2021,I9_F9_m-1f-1_P9_Y-1_U417,FXX,40,0.0,1,0,1.0,0,0,0,-9999.0,0.5,1,P8_CV0,1,2,0,1,1
4,45.1161817,-122.0584679,I4_F4_m4f9_P4_Y5_UO2359,I4_F4_m4f11_P4_Y2_UO3939,I9_F9_m-1f-1_P9_Y-1_U417,FXX,40,0.0,1,0,1.0,0,0,0,-9999.0,0.625,1,P8_CV0,1,2,0,0,2
4,45.1161817,-122.0584679,I4_F4_m4f9_P4_Y5_UO2256,S4_F4_m4f15_P4_Y3_UO1835,I9_F9_m-1f-1_P9_Y-1_U417,FXX,40,0.0,1,0,1.0,0,0,0,-9999.0,0.5,1,P8_CV0,1,2,0,2,0
4,45.1161817,-122.0584679,I4_F4_m4f9_P4_Y5_UO2542,S4_F4_m4f10_P4_Y3_UO2029,I9_F9_m-1f-1_P9_Y-1_U417,FXX,40,0.0,1,0,1.0,0,0,0,-9999.0,0.625,1,P8_CV0,1,1,1,1,1
4,45.1161817,-122.0584679,I4_F4_m4f9_P4_Y5_UO2234,S4_F4_m4f15_P4_Y3_UO1864,I9_F9_m-1f-1_P9_Y-1_U417,FXX,40,0.0,1,0,1.0,0,0,0,-9999.0,0.625,1,P8_CV0,1,2,0,1,1
4,45.1161817,-122.0584679,I4_F4_m4f9_P4_Y5_UO2476,I4_F4_m4f14_P4_Y2_UO4204,I9_F9_m-1f-1_P9_Y-1_U417,FXX,40,0.0,1,0,1.0,0,0,0,-9999.0,0.625,1,P8_CV0,1,2,0,1,1
4,45.1161817,-122.0584679,I4_F4_m4f9_P4_Y5_UO2535,S4_F4_m4f10_P4_Y3_UO1967,I9_F9_m-1f-1_P9_Y-1_U417,FXX,40,0.0,1,0,1.0,0,0,0,-9999.0,0.6875,1,P8_CV0,1,1,1,2,0
4,45.1161817,-122.0584679,I4_F4_m4f9_P4_Y5_UO2365,S4_F4_m4f3_P4_Y3_UO1905,I9_F9_m-1f-1_P9_Y-1_U417,FXX,40,0.0,1,0,1.0,0,0,0,-9999.0,0.5625,1,P8_CV0,1,2,0,1,1
4,45.1161817,-122.0584679,I4_F4_m4f9_P4_Y4_UO3019,S4_F4_m4f14_P4_Y2_UO4207,I9_F9_m-1f-1_P9_Y-1_U417,FXX,41,0.0,1,0,1.0,0,0,0,-9999.0,0.625,1,P8_CV0,1,2,0,1,1
4,45.1161817,-122.0584679,I4_F4_m4f14_P4_Y3_UO2128,S4_F4_m4f9_P4_Y1_UO1102,I14_F14_m-1f-1_P14_Y-1_U324,FXX,42,0.0,1,0,1.0,0,0,0,-9999.0,0.5,1,P8_CV0,1,2,0,1,1
5,44.254,-122.236,I5_F5_m5f1_P5_Y4_UO3625,S5_F5_m5f1_P5_Y2_UO4544,I1_F1_m-1f-1_P1_Y-1_U332,FXX,41,0.0,1,0,1.0,0,0,0,-9999.0,0.5,1,P0_CV0,1,2,0,0,2
5,44.254,-122.236,I5_F5_m5f7_P5_Y4_UO3388,S5_F5_m5f1_P5_Y2_UO4477,I7_F7_m-1f-1_P7_Y-1_U459,FXX,41,0.0,1,0,1.0,0,0,0,-9999.0,0.5,1,P0_CV0,1,1,1,2,0
5,44.254,-122.236,I5_F5_m5f14_P5_Y4_UO3411,S5_F5_m5f12_P5_Y2_UO4515,I14_F14_m-1f-1_P14_Y-1_U380,FXX,41,0.0,1,0,1.0,0,0,0,-9999.0,0.5,1,P11_CV0,1,2,0,2,0
5,44.254,-122.236,I5_F5_m5f14_P5_Y4_UO3413,S5_F5_m5f12_P5_Y2_UO4515,I14_F14_m-1f-1_P14_Y-1_U380,FXX,41,0.0,1,0,1.0,0,0,0,-9999.0,0.5,1,P11_CV0,1,2,0,2,0
5,44.254,-122.236,I5_F5_m5f9_P5_Y5_UO2559,S5_F5_m5f4_P5_Y3_UO2204,I9_F9_m-1f-1_P9_Y-1_U417,FXX,40,0.0,1,0,1.0,0,0,0,-9999.0,0.625,1,P13_CV0,1,1,1,2,0
5,44.254,-122.236,I5_F5_m5f14_P5_Y4_UO3395,S5_F5_m5f1_P5_Y2_UO4587,I14_F14_m-1f-1_P14_Y-1_U380,FXX,41,0.0,1,0,1.0,0,0,0,-9999.0,0.625,1,P13_CV0,1,2,0,2,0
5,44.254,-122.236,I5_F5_m5f2_P5_Y4_UO3369,S5_F5_m5f13_P5_Y2_UO4271,I2_F2_m-1f-1_P2_Y-1_U189,FXX,41,0.0,1,0,1.0,0,0,0,-9999.0,0.75,1,P1_CV0,1,2,0,1,1
5,44.254,-122.236,I5_F5_m5f9_P5_Y5_UO2696,S5_F5_m5f5_P5_Y3_UO2225,I9_F9_m-1f-1_P9_Y-1_U417,FXX,40,0.0,1,0,1.0,0,0,0,-9999.0,0.625,1,P4_CV0,1,1,1,0,2
5,44.254,-122.236,I5_F5_m5f9_P5_Y5_UO2773,I5_F5_m5f7_P5_Y2_UO4661,I9_F9_m-1f-1_P9_Y-1_U417,FXX,40,0.0,1,0,1.0,0,0,0,-9999.0,0.5,1,P4_CV0,1,1,1,1,1
5,44.254,-122.236,I5_F5_m5f9_P5_Y5_UO2834,I5_F5_m5f9_P5_Y1_UO1279,I9_F9_m-1f-1_P9_Y-1_U417,FXX,40,0.0,1,0,1.0,0,0,0,-9999.0,0.625,1,P4_CV0,1,2,0,0,2
5,44.254,-122.236,I5_F5_m5f9_P5_Y5_UO2842,I5_F5_m5f8_P5_Y0_UO2027,I9_F9_m-1f-1_P9_Y-1_U417,FXX,40,0.0,1,0,1.0,0,0,0,-9999.0,0.5,1,P4_CV0,1,2,0,1,1
5,44.254,-122.236,I5_F5_m5f8_P5_Y4_UO3549,S5_F5_m5f3_P5_Y2_UO4460,I8_F8_m-1f-1_P8_Y-1_U191,FXX,41,0.0,1,0,1.0,0,0,0,-9999.0,0.4375,1,P4_CV0,1,2,0,0,2
5,44.254,-122.236,I5_F5_m5f1_P5_Y4_UO3534,S5_F5_m5f13_P5_Y2_UO4567,I1_F1_m-1f-1_P1_Y-1_U332,FXX,41,0.0,1,0,1.0,0,0,0,-9999.0,0.5,1,P4_CV0,1,2,0,0,2
5,44.254,-122.236,I5_F5_m5f7_P5_Y4_UO3508,S5_F5_m5f14_P5_Y2_UO4386,I7_F7_m-1f-1_P7_Y-1_U459,FXX,41,0.0,1,0,1.0,0,0,0,-9999.0,0.5,1,P6_CV0,1,2,0,1,1
5,44.254,-122.236,I5_F5_m5f8_P5_Y4_UO3422,S5_F5_m5f15_P5_Y2_UO4318,I8_F8_m-1f-1_P8_Y-1_U116,FXX,41,0.0,1,0,1.0,0,0,0,-9999.0,0.5,1,P7_CV0,1,2,0,2,0
5,44.254,-122.236,I5_F5_m5f4_P5_Y4_UO3769,S5_F5_m5f4_P5_Y2_UO4686,I4_F4_m-1f-1_P4_Y-1_U247,FXX,41,0.0,1,0,1.0,0,0,0,-9999.0,0.625,1,P7_CV0,1,2,0,1,1
5,44.254,-122.236,I5_F5_m5f9_P5_Y5_UO2673,S5_F5_m5f5_P5_Y3_UO2327,I9_F9_m-1f-1_P9_Y-1_U417,FXX,40,0.0,1,0,1.0,0,0,0,-9999.0,0.625,1,P8_CV0,1,1,1,0,2
5,44.254,-122.236,I5_F5_m5f9_P5_Y5_UO2693,S5_F5_m5f9_P5_Y3_UO2473,I9_F9_m-1f-1_P9_Y-1_U417,FXX,40,0.0,1,0,1.0,0,0,0,-9999.0,0.4375,1,P8_CV0,1,1,1,1,1
5,44.254,-122.236,I5_F5_m5f9_P5_Y5_UO2699,S5_F5_m5f5_P5_Y3_UO2225,I9_F9_m-1f-1_P9_Y-1_U417,FXX,40,0.0,1,0,1.0,0,0,0,-9999.0,0.625,1,P8_CV0,1,1,1,0,2
5,44.254,-122.236,I5_F5_m5f9_P5_Y5_UO2778,I5_F5_m5f14_P5_Y2_UO4538,I9_F9_m-1f-1_P9_Y-1_U417,FXX,40,0.0,1,0,1.0,0,0,0,-9999.0,0.5625,1,P8_CV0,1,2,0,2,0
5,44.254,-122.236,I5_F5_m5f9_P5_Y5_UO2786,I5_F5_m5f14_P5_Y2_UO4538,I9_F9_m-1f-1_P9_Y-1_U417,FXX,40,0.0,1,0,1.0,0,0,0,-9999.0,0.5625,1,P8_CV0,1,2,0,1,1
5,44.254,-122.236,I5_F5_m5f9_P5_Y5_UO2804,I5_F5_m5f14_P5_Y2_UO4640,I9_F9_m-1f-1_P9_Y-1_U417,FXX,40,0.0,1,0,1.0,0,0,0,-9999.0,0.5,1,P8_CV0,1,2,0,1,1
5,44.254,-122.236,I5_F5_m5f9_P5_Y5_UO2815,I5_F5_m5f8_P5_Y2_UO4519,I9_F9_m-1f-1_P9_Y-1_U417,FXX,40,0.0,1,0,1.0,0,0,0,-9999.0,0.5625,1,P8_CV0,1,2,0,0,2
5,44.254,-122.236,I5_F5_m5f9_P5_Y5_UO2855,S5_F5_m5f7_P5_Y3_UO2292,I9_F9_m-1f-1_P9_Y-1_U417,FXX,40,0.0,1,0,1.0,0,0,0,-9999.0,0.5625,1,P8_CV0,1,2,0,1,1
5,44.254,-122.236,I5_F5_m5f9_P5_Y5_UO2874,S5_F5_m5f9_P5_Y3_UO2320,I9_F9_m-1f-1_P9_Y-1_U417,FXX,40,0.0,1,0,1.0,0,0,0,-9999.0,0.5625,1,P8_CV0,1,2,0,0,2
5,44.254,-122.236,I5_F5_m5f9_P5_Y5_UO2895,S5_F5_m5f9_P5_Y3_UO2256,I9_F9_m-1f-1_P9_Y-1_U417,FXX,40,0.0,1,0,1.0,0,0,0,-9999.0,0.5625,1,P8_CV0,1,2,0,1,1
5,44.254,-122.236,I5_F5_m5f9_P5_Y4_UO3545,S5_F5_m5f13_P5_Y2_UO4451,I9_F9_m-1f-1_P9_Y-1_U417,FXX,41,0.0,1,0,1.0,0,0,0,-9999.0,0.75,1,P8_CV0,1,2,0,2,0
5,44.254,-122.236,I5_F5_m5f4_P5_Y4_UO3807,S5_F5_m5f10_P5_Y2_UO4524,I4_F4_m-1f-1_P4_Y-1_U247,FXX,41,0.0,1,0,1.0,0,0,0,-9999.0,0.75,1,P9_CV0,1,1,1,1,1
6,43.987,-122.244,I6_F6_m6f1_P6_Y4_UO4243,S6_F6_m6f10_P6_Y2_UO5111,I1_F1_m-1f-1_P1_Y-1_U332,FXX,41,0.0,1,0,1.0,0,0,0,-9999.0,0.75,1,P0_CV0,1,1,1,0,2
6,43.987,-122.244,I6_F6_m6f9_P6_Y4_UO3877,I6_F6_m6f15_P6_Y1_UO1736,I9_F9_m-1f-1_P9_Y-1_U417,FXX,41,0.0,1,0,1.0,0,0,0,-9999.0,0.625,1,P14_CV0,1,1,1,0,2
6,43.987,-122.244,I6_F6_m6f1_P6_Y4_UO3861,S6_F6_m6f3_P6_Y2_UO4772,I1_F1_m-1f-1_P1_Y-1_U332,FXX,41,0.0,1,0,1.0,0,0,0,-9999.0,0.5,1,P14_CV0,1,1,1,1,1
6,43.987,-122.244,I6_F6_m6f9_P6_Y5_UO2995,S6_F6_m6f2_P6_Y3_UO2592,I9_F9_m-1f-1_P9_Y-1_U417,FXX,40,0.0,1,0,1.0,0,0,0,-9999.0,0.6875,1,P15_CV0,1,2,0,0,2
6,43.987,-122.244,I6_F6_m6f9_P6_Y5_UO3051,S6_F6_m6f3_P6_Y3_UO2547,I9_F9_m-1f-1_P9_Y-1_U417,FXX,40,0.0,1,0,1.0,0,0,0,-9999.0,0.5,1,P2_CV0,1,2,0,2,0
6,43.987,-122.244,I6_F6_m6f9_P6_Y5_UO3189,I6_F6_m6f5_P6_Y2_UO4884,I9_F9_m-1f-1_P9_Y-1_U417,FXX,40,0.0,1,0,1.0,0,0,0,-9999.0,0.5,1,P5_CV0,1,2,0,2,0
6,43.987,-122.244,I6_F6_m6f9_P6_Y5_UO3219,I6_F6_m6f14_P6_Y1_UO1534,I9_F9_m-1f-1_P9_Y-1_U417,FXX,40,0.0,1,0,1.0,0,0,0,-9999.0,0.625,1,P5_CV0,1,2,0,1,1
6,43.987,-122.244,I6_F6_m6f8_P6_Y4_UO4157,I6_F6_m-1f-1_P6_Y-1_U357,I8_F8_m-1f-1_P8_Y-1_U116,FXX,41,0.0,1,0,1.0,0,0,0,-9999.0,0.5,1,P7_CV0,1,2,0,2,0
6,43.987,-122.244,I6_F6_m6f9_P6_Y5_UO3006,I6_F6_m6f16_P6_Y1_UO1614,I9_F9_m-1f-1_P9_Y-1_U417,FXX,40,0.0,1,0,1.0,0,0,0,-9999.0,0.625,1,P8_CV0,1,2,0,2,0
6,43.987,-122.244,I6_F6_m6f9_P6_Y5_UO3048,S6_F6_m6f3_P6_Y3_UO2894,I9_F9_m-1f-1_P9_Y-1_U417,FXX,40,0.0,1,0,1.0,0,0,0,-9999.0,0.4375,1,P8_CV0,1,1,1,1,1
6,43.987,-122.244,I6_F6_m6f9_P6_Y5_UO3066,S6_F6_m6f4_P6_Y3_UO2874,I9_F9_m-1f-1_P9_Y-1_U417,FXX,40,0.0,1,0,1.0,0,0,0,-9999.0,0.625,1,P8_CV0,1,2,0,1,1
6,43.987,-122.244,I6_F6_m6f9_P6_Y5_UO3111,S6_F6_m6f3_P6_Y3_UO2686,I9_F9_m-1f-1_P9_Y-1_U417,FXX,40,0.0,1,0,1.0,0,0,0,-9999.0,0.5,1,P8_CV0,1,2,0,1,1
6,43.987,-122.244,I6_F6_m6f9_P6_Y5_UO3119,S6_F6_m6f2_P6_Y3_UO2730,I9_F9_m-1f-1_P9_Y-1_U417,FXX,40,0.0,1,0,1.0,0,0,0,-9999.0,0.75,1,P8_CV0,1,2,0,2,0
6,43.987,-122.244,I6_F6_m6f9_P6_Y5_UO3272,I6_F6_m6f8_P6_Y2_UO4745,I9_F9_m-1f-1_P9_Y-1_U417,FXX,40,0.0,1,0,1.0,0,0,0,-9999.0,0.6875,1,P8_CV0,1,2,0,1,1
6,43.987,-122.244,I6_F6_m6f9_P6_Y5_UO3298,S6_F6_m6f2_P6_Y3_UO2936,I9_F9_m-1f-1_P9_Y-1_U417,FXX,40,0.0,1,0,1.0,0,0,0,-9999.0,0.6875,1,P8_CV0,1,2,0,2,0
6,43.987,-122.244,I6_F6_m6f9_P6_Y5_UO3306,S6_F6_m6f10_P6_Y3_UO2579,I9_F9_m-1f-1_P9_Y-1_U417,FXX,40,0.0,1,0,1.0,0,0,0,-9999.0,0.6875,1,P8_CV0,1,2,0,1,1
6,43.987,-122.244,I6_F6_m6f9_P6_Y5_UO3311,S6_F6_m6f8_P6_Y3_UO2944,I9_F9_m-1f-1_P9_Y-1_U417,FXX,40,0.0,1,0,1.0,0,0,0,-9999.0,0.4375,1,P8_CV0,1,1,1,1,1
6,43.987,-122.244,I6_F6_m6f9_P6_Y5_UO3321,S6_F6_m6f10_P6_Y3_UO2853,I9_F9_m-1f-1_P9_Y-1_U417,FXX,40,0.0,1,0,1.0,0,0,0,-9999.0,0.6875,1,P8_CV0,1,2,0,0,2
6,43.987,-122.244,I6_F6_m6f9_P6_Y5_UO3335,I6_F6_m6f10_P6_Y2_UO5111,I9_F9_m-1f-1_P9_Y-1_U417,FXX,40,0.0,1,0,1.0,0,0,0,-9999.0,0.75,1,P8_CV0,1,2,0,2,0
6,43.987,-122.244,I6_F6_m6f10_P6_Y3_UO2853,I6_F6_m6f16_P6_Y0_UO2466,I10_F10_m-1f-1_P10_Y-1_U481,FXX,42,0.0,1,0,1.0,0,0,0,-9999.0,0.875,1,P9_CV0,1,2,0,1,1
7,45.07,-121.964,I7_F7_m7f9_P7_Y5_UO3359,S7_F7_m7f2_P7_Y3_UO2958,I9_F9_m-1f-1_P9_Y-1_U417,FXX,40,0.0,1,0,1.0,0,0,0,-9999.0,0.625,1,P0_CV0,1,1,1,0,2
7,45.07,-121.964,I7_F7_m7f9_P7_Y5_UO3362,I7_F7_m7f1_P7_Y0_UO2772,I9_F9_m-1f-1_P9_Y-1_U417,FXX,40,0.0,1,0,1.0,0,0,0,-9999.0,0.625,1,P0_CV0,1,2,0,0,2
7,45.07,-121.964,I7_F7_m7f14_P7_Y4_UO4478,S7_F7_m7f14_P7_Y2_UO5512,I14_F14_m-1f-1_P14_Y-1_U380,FXX,41,0.0,1,0,1.0,0,0,0,-9999.0,0.5625,1,P13_CV0,1,2,0,1,1
7,45.07,-121.964,I7_F7_m7f9_P7_Y5_UO3448,I7_F7_m7f15_P7_Y2_UO5458,I9_F9_m-1f-1_P9_Y-1_U417,FXX,40,0.0,1,0,1.0,0,0,0,-9999.0,0.625,1,P14_CV0,1,1,1,2,0
7,45.07,-121.964,I7_F7_m7f15_P7_Y3_UO3246,I7_F7_m7f14_P7_Y0_UO2982,I15_F15_m-1f-1_P15_Y-1_U434,FXX,42,0.0,1,0,1.0,0,0,0,-9999.0,0.5,1,P14_CV0,1,2,0,0,2
7,45.07,-121.964,I7_F7_m7f9_P7_Y5_UO3532,I7_F7_m7f3_P7_Y2_UO5281,I9_F9_m-1f-1_P9_Y-1_U417,FXX,40,0.0,1,0,1.0,0,0,0,-9999.0,0.6875,1,P3_CV0,1,2,0,1,1
7,45.07,-121.964,I7_F7_m7f9_P7_Y5_UO3572,S7_F7_m7f5_P7_Y3_UO3218,I9_F9_m-1f-1_P9_Y-1_U417,FXX,40,0.0,1,0,1.0,0,0,0,-9999.0,0.75,1,P4_CV0,1,2,0,1,1
7,45.07,-121.964,I7_F7_m7f9_P7_Y5_UO3570,S7_F7_m7f5_P7_Y3_UO3218,I9_F9_m-1f-1_P9_Y-1_U417,FXX,40,0.0,1,0,1.0,0,0,0,-9999.0,0.75,1,P4_CV0,1,2,0,1,1
7,45.07,-121.964,I7_F7_m7f9_P7_Y5_UO3630,S7_F7_m7f4_P7_Y3_UO3133,I9_F9_m-1f-1_P9_Y-1_U417,FXX,40,0.0,1,0,1.0,0,0,0,-9999.0,0.5625,1,P6_CV0,1,1,1,1,1
7,45.07,-121.964,I7_F7_m7f9_P7_Y5_UO3628,S7_F7_m7f15_P7_Y3_UO3156,I9_F9_m-1f-1_P9_Y-1_U417,FXX,40,0.0,1,0,1.0,0,0,0,-9999.0,0.5,1,P6_CV0,1,2,0,0,2
7,45.07,-121.964,I7_F7_m7f9_P7_Y5_UO3655,S7_F7_m7f3_P7_Y3_UO3236,I9_F9_m-1f-1_P9_Y-1_U417,FXX,40,0.0,1,0,1.0,0,0,0,-9999.0,0.5625,1,P6_CV0,1,2,0,1,1
7,45.07,-121.964,I7_F7_m7f9_P7_Y5_UO3687,I7_F7_m7f8_P7_Y2_UO5505,I9_F9_m-1f-1_P9_Y-1_U417,FXX,40,0.0,1,0,1.0,0,0,0,-9999.0,0.75,1,P6_CV0,1,2,0,1,1
7,45.07,-121.964,I7_F7_m7f14_P7_Y4_UO4486,S7_F7_m7f1_P7_Y2_UO5537,I14_F14_m-1f-1_P14_Y-1_U380,FXX,41,0.0,1,0,1.0,0,0,0,-9999.0,0.4375,1,P6_CV0,1,1,1,2,0
7,45.07,-121.964,I7_F7_m7f7_P7_Y4_UO4381,S7_F7_m7f3_P7_Y2_UO5281,I7_F7_m-1f-1_P7_Y-1_U459,FXX,41,0.0,1,0,1.0,0,0,0,-9999.0,0.6875,1,P6_CV0,1,1,1,2,0
7,45.07,-121.964,I7_F7_m7f6_P7_Y1_UO1871,I7_F7_m-1f-1_P7_Y-1_U150,I6_F6_m-1f-1_P6_Y-1_U318,FXX,44,0.0,1,0,1.0,0,0,0,-9999.0,0.75,1,P6_CV0,1,1,1,1,1
7,45.07,-121.964,I7_F7_m7f9_P7_Y5_UO3747,I7_F7_m7f10_P7_Y2_UO5593,I9_F9_m-1f-1_P9_Y-1_U417,FXX,40,0.0,1,0,1.0,0,0,0,-9999.0,0.6875,1,P7_CV0,1,1,1,2,0
7,45.07,-121.964,I7_F7_m7f9_P7_Y5_UO3434,S7_F7_m7f14_P7_Y3_UO3179,I9_F9_m-1f-1_P9_Y-1_U417,FXX,40,0.0,1,0,1.0,0,0,0,-9999.0,0.75,1,P8_CV0,1,2,0,2,0
7,45.07,-121.964,I7_F7_m7f9_P7_Y5_UO3668,I7_F7_m7f1_P7_Y2_UO5469,I9_F9_m-1f-1_P9_Y-1_U417,FXX,40,0.0,1,0,1.0,0,0,0,-9999.0,0.5,1,P8_CV0,1,2,0,1,1
7,45.07,-121.964,I7_F7_m7f9_P7_Y5_UO3632,S7_F7_m7f4_P7_Y3_UO3133,I9_F9_m-1f-1_P9_Y-1_U417,FXX,40,0.0,1,0,1.0,0,0,0,-9999.0,0.5625,1,P8_CV0,1,2,0,2,0
7,45.07,-121.964,I7_F7_m7f9_P7_Y5_UO3759,S7_F7_m7f9_P7_Y3_UO3335,I9_F9_m-1f-1_P9_Y-1_U417,FXX,40,0.0,1,0,1.0,0,0,0,-9999.0,0.625,1,P8_CV0,1,2,0,1,1
7,45.07,-121.964,I7_F7_m7f9_P7_Y5_UO3431,S7_F7_m7f14_P7_Y3_UO3179,I9_F9_m-1f-1_P9_Y-1_U417,FXX,40,0.0,1,0,1.0,0,0,0,-9999.0,0.75,1,P8_CV0,1,2,0,1,1
7,45.07,-121.964,I7_F7_m7f9_P7_Y5_UO3459,S7_F7_m7f5_P7_Y3_UO3043,I9_F9_m-1f-1_P9_Y-1_U417,FXX,40,0.0,1,0,1.0,0,0,0,-9999.0,0.6875,1,P8_CV0,1,1,1,1,1
7,45.07,-121.964,I7_F7_m7f5_P7_Y3_UO3328,S7_F7_m7f9_P7_Y1_UO2010,I5_F5_m-1f-1_P5_Y-1_U223,FXX,42,0.0,1,0,1.0,0,0,0,-9999.0,0.75,1,P8_CV0,1,2,0,1,1
8,44.087,-122.081,I8_F8_m8f1_P8_Y4_UO4954,S8_F8_m8f4_P8_Y2_UO5923,I1_F1_m-1f-1_P1_Y-1_U332,FXX,41,0.0,1,0,1.0,0,0,0,-9999.0,0.625,1,P0_CV0,1,2,0,1,1
8,44.087,-122.081,I8_F8_m8f9_P8_Y5_UO3840,I8_F8_m8f14_P8_Y2_UO5728,I9_F9_m-1f-1_P9_Y-1_U417,FXX,40,0.0,1,0,1.0,0,0,0,-9999.0,0.5,1,P13_CV0,1,2,0,1,1
8,44.087,-122.081,I8_F8_m8f14_P8_Y4_UO5034,I8_F8_m8f8_P8_Y1_UO2232,I14_F14_m-1f-1_P14_Y-1_U380,FXX,41,0.0,1,0,1.0,0,0,0,-9999.0,0.5,1,P13_CV0,1,1,1,2,0
8,44.087,-122.081,I8_F8_m8f14_P8_Y4_UO5038,I8_F8_m8f8_P8_Y1_UO2240,I14_F14_m-1f-1_P14_Y-1_U380,FXX,41,0.0,1,0,1.0,0,0,0,-9999.0,0.5,1,P13_CV0,1,1,1,1,1
8,44.087,-122.081,I8_F8_m8f9_P8_Y5_UO3855,S8_F8_m8f15_P8_Y3_UO3708,I9_F9_m-1f-1_P9_Y-1_U417,FXX,40,0.0,1,0,1.0,0,0,0,-9999.0,0.5,1,P14_CV0,1,1,1,0,2
8,44.087,-122.081,I8_F8_m8f9_P8_Y5_UO3881,I8_F8_m8f15_P8_Y2_UO5760,I9_F9_m-1f-1_P9_Y-1_U417,FXX,40,0.0,1,0,1.0,0,0,0,-9999.0,0.6875,1,P14_CV0,1,2,0,0,2
8,44.087,-122.081,I8_F8_m8f9_P8_Y5_UO3900,I8_F8_m8f2_P8_Y2_UO5818,I9_F9_m-1f-1_P9_Y-1_U417,FXX,40,0.0,1,0,1.0,0,0,0,-9999.0,0.625,1,P1_CV0,1,2,0,1,1
8,44.087,-122.081,I8_F8_m8f2_P8_Y4_UO5084,S8_F8_m8f9_P8_Y2_UO6055,I2_F2_m-1f-1_P2_Y-1_U189,FXX,41,0.0,1,0,1.0,0,0,0,-9999.0,0.75,1,P1_CV0,1,2,0,1,1
8,44.087,-122.081,I8_F8_m8f2_P8_Y4_UO4693,S8_F8_m8f11_P8_Y2_UO5699,I2_F2_m-1f-1_P2_Y-1_U189,FXX,41,0.0,1,0,1.0,0,0,0,-9999.0,0.875,1,P1_CV0,1,2,0,1,1
8,44.087,-122.081,I8_F8_m8f4_P8_Y4_UO4812,S8_F8_m8f16_P8_Y2_UO5705,I4_F4_m-1f-1_P4_Y-1_U247,FXX,41,0.0,1,0,1.0,0,0,0,-9999.0,0.6875,1,P1_CV0,1,1,1,1,1
8,44.087,-122.081,I8_F8_m8f9_P8_Y5_UO3917,S8_F8_m8f3_P8_Y3_UO3612,I9_F9_m-1f-1_P9_Y-1_U417,FXX,40,0.0,1,0,1.0,0,0,0,-9999.0,0.5,1,P2_CV0,1,1,1,1,1
8,44.087,-122.081,I8_F8_m8f9_P8_Y4_UO4841,I8_F8_m8f3_P8_Y0_UO3378,I9_F9_m-1f-1_P9_Y-1_U417,FXX,41,0.0,1,0,1.0,0,0,0,-9999.0,0.5,1,P2_CV0,1,2,0,2,0
8,44.087,-122.081,I8_F8_m8f4_P8_Y4_UO4839,S8_F8_m8f3_P8_Y2_UO6003,I4_F4_m-1f-1_P4_Y-1_U247,FXX,41,0.0,1,0,1.0,0,0,0,-9999.0,0.625,1,P3_CV0,1,1,1,2,0
8,44.087,-122.081,I8_F8_m8f4_P8_Y4_UO4996,S8_F8_m8f3_P8_Y2_UO5873,I4_F4_m-1f-1_P4_Y-1_U247,FXX,41,0.0,1,0,1.0,0,0,0,-9999.0,0.625,1,P3_CV0,1,1,1,1,1
8,44.087,-122.081,I8_F8_m8f9_P8_Y5_UO4007,I8_F8_m8f6_P8_Y2_UO6060,I9_F9_m-1f-1_P9_Y-1_U417,FXX,40,0.0,1,0,1.0,0,0,0,-9999.0,0.5625,1,P5_CV0,1,2,0,0,2
8,44.087,-122.081,I8_F8_m8f9_P8_Y5_UO4009,I8_F8_m8f6_P8_Y2_UO6060,I9_F9_m-1f-1_P9_Y-1_U417,FXX,40,0.0,1,0,1.0,0,0,0,-9999.0,0.5625,1,P5_CV0,1,1,1,0,2
8,44.087,-122.081,I8_F8_m8f7_P8_Y4_UO5098,S8_F8_m8f6_P8_Y2_UO6059,I7_F7_m-1f-1_P7_Y-1_U459,FXX,41,0.0,1,0,1.0,0,0,0,-9999.0,0.5625,1,P6_CV0,1,2,0,0,2
8,44.087,-122.081,I8_F8_m8f7_P8_Y4_UO4991,S8_F8_m8f10_P8_Y2_UO5935,I7_F7_m-1f-1_P7_Y-1_U459,FXX,41,0.0,1,0,1.0,0,0,0,-9999.0,0.6875,1,P6_CV0,1,2,0,2,0
8,44.087,-122.081,I8_F8_m8f9_P8_Y5_UO4051,S8_F8_m8f13_P8_Y3_UO3594,I9_F9_m-1f-1_P9_Y-1_U417,FXX,40,0.0,1,0,1.0,0,0,0,-9999.0,0.5,1,P7_CV0,1,2,0,2,0
8,44.087,-122.081,I8_F8_m8f9_P8_Y5_UO4099,I8_F8_m8f12_P8_Y2_UO6023,I9_F9_m-1f-1_P9_Y-1_U417,FXX,40,0.0,1,0,1.0,0,0,0,-9999.0,0.75,1,P7_CV0,1,2,0,2,0
8,44.087,-122.081,I8_F8_m8f9_P8_Y5_UO4131,I8_F8_m8f8_P8_Y2_UO6070,I9_F9_m-1f-1_P9_Y-1_U417,FXX,40,0.0,1,0,1.0,0,0,0,-9999.0,0.75,1,P7_CV0,1,1,1,1,1
8,44.087,-122.081,I8_F8_m8f14_P8_Y4_UO5024,S8_F8_m8f12_P8_Y2_UO6023,I14_F14_m-1f-1_P14_Y-1_U380,FXX,41,0.0,1,0,1.0,0,0,0,-9999.0,0.75,1,P7_CV0,1,2,0,1,1
8,44.087,-122.081,I8_F8_m8f3_P8_Y4_UO5047,I8_F8_m8f8_P8_Y0_UO3578,I3_F3_m-1f-1_P3_Y-1_U83,FXX,41,0.0,1,0,1.0,0,0,0,-9999.0,0.5,1,P7_CV0,1,2,0,0,2
8,44.087,-122.081,I8_F8_m8f13_P8_Y3_UO3594,I8_F8_m8f8_P8_Y0_UO3578,I13_F13_m-1f-1_P13_Y-1_U171,FXX,42,0.0,1,0,1.0,0,0,0,-9999.0,0.5,1,P7_CV0,1,2,0,1,1
8,44.087,-122.081,I8_F8_m8f9_P8_Y5_UO3882,I8_F8_m8f15_P8_Y2_UO5760,I9_F9_m-1f-1_P9_Y-1_U417,FXX,40,0.0,1,0,1.0,0,0,0,-9999.0,0.6875,1,P8_CV0,1,2,0,0,2
8,44.087,-122.081,I8_F8_m8f9_P8_Y5_UO3924,S8_F8_m8f3_P8_Y3_UO3346,I9_F9_m-1f-1_P9_Y-1_U417,FXX,40,0.0,1,0,1.0,0,0,0,-9999.0,0.5,1,P8_CV0,1,2,0,1,1
8,44.087,-122.081,I8_F8_m8f9_P8_Y5_UO3941,I8_F8_m8f11_P8_Y2_UO5725,I9_F9_m-1f-1_P9_Y-1_U417,FXX,40,0.0,1,0,1.0,0,0,0,-9999.0,0.5,1,P8_CV0,1,2,0,1,1
8,44.087,-122.081,I8_F8_m8f9_P8_Y5_UO3991,I8_F8_m8f4_P8_Y2_UO5930,I9_F9_m-1f-1_P9_Y-1_U417,FXX,40,0.0,1,0,1.0,0,0,0,-9999.0,0.4375,1,P8_CV0,1,1,1,1,1
8,44.087,-122.081,I8_F8_m8f9_P8_Y5_UO4041,S8_F8_m8f14_P8_Y3_UO3526,I9_F9_m-1f-1_P9_Y-1_U417,FXX,40,0.0,1,0,1.0,0,0,0,-9999.0,0.5,1,P8_CV0,1,2,0,1,1
8,44.087,-122.081,I8_F8_m8f9_P8_Y5_UO4054,S8_F8_m8f13_P8_Y3_UO3594,I9_F9_m-1f-1_P9_Y-1_U417,FXX,40,0.0,1,0,1.0,0,0,0,-9999.0,0.5,1,P8_CV0,1,2,0,0,2
8,44.087,-122.081,I8_F8_m8f9_P8_Y5_UO4056,S8_F8_m8f4_P8_Y3_UO3675,I9_F9_m-1f-1_P9_Y-1_U417,FXX,40,0.0,1,0,1.0,0,0,0,-9999.0,0.5625,1,P8_CV0,1,2,0,1,1
8,44.087,-122.081,I8_F8_m8f9_P8_Y5_UO4181,I8_F8_m8f6_P8_Y2_UO6063,I9_F9_m-1f-1_P9_Y-1_U417,FXX,40,0.0,1,0,1.0,0,0,0,-9999.0,0.5625,1,P8_CV0,1,1,1,1,1
9,44.232,-122.202,I9_F9_m9f2_P9_Y2_UO6115,S9_F9_m9f12_P9_Y0_UO3975,I2_F2_m-1f-1_P2_Y-1_U194,FXX,43,0.0,1,0,1.0,0,0,0,-9999.0,0.75,1,P11_CV0,1,2,0,1,1
9,44.232,-122.202,I9_F9_m9f5_P9_Y3_UO3730,I9_F9_m9f13_P9_Y0_UO4076,I5_F5_m-1f-1_P5_Y-1_U223,FXX,42,0.0,1,0,1.0,0,0,0,-9999.0,0.625,1,P12_CV0,1,2,0,1,1
9,44.232,-122.202,I9_F9_m9f9_P9_Y5_UO4265,S9_F9_m9f15_P9_Y3_UO3969,I9_F9_m-1f-1_P9_Y-1_U417,FXX,40,0.0,1,0,1.0,0,0,0,-9999.0,0.5625,1,P14_CV0,1,2,0,1,1
9,44.232,-122.202,I9_F9_m9f2_P9_Y4_UO5426,S9_F9_m9f10_P9_Y2_UO6485,I2_F2_m-1f-1_P2_Y-1_U189,FXX,41,0.0,1,0,1.0,0,0,0,-9999.0,0.875,1,P1_CV0,1,2,0,1,1
9,44.232,-122.202,I9_F9_m9f4_P9_Y4_UO5343,S9_F9_m9f8_P9_Y2_UO6383,I4_F4_m-1f-1_P4_Y-1_U247,FXX,41,0.0,1,0,1.0,0,0,0,-9999.0,0.75,1,P3_CV0,1,2,0,1,1
9,44.232,-122.202,I9_F9_m9f9_P9_Y5_UO4408,I9_F9_m9f15_P9_Y2_UO6233,I9_F9_m-1f-1_P9_Y-1_U417,FXX,40,0.0,1,0,1.0,0,0,0,-9999.0,0.5,1,P6_CV0,1,2,0,0,2
9,44.232,-122.202,I9_F9_m9f9_P9_Y5_UO4232,S9_F9_m9f13_P9_Y3_UO3928,I9_F9_m-1f-1_P9_Y-1_U417,FXX,40,0.0,1,0,1.0,0,0,0,-9999.0,0.5625,1,P8_CV0,1,1,1,1,1
9,44.232,-122.202,I9_F9_m9f9_P9_Y5_UO4262,I9_F9_m9f13_P9_Y2_UO6417,I9_F9_m-1f-1_P9_Y-1_U417,FXX,40,0.0,1,0,1.0,0,0,0,-9999.0,0.5,1,P8_CV0,1,1,1,1,1
9,44.232,-122.202,I9_F9_m9f9_P9_Y5_UO4334,S9_F9_m9f3_P9_Y3_UO3835,I9_F9_m-1f-1_P9_Y-1_U417,FXX,40,0.0,1,0,1.0,0,0,0,-9999.0,0.5625,1,P8_CV0,1,1,1,2,0
9,44.232,-122.202,I9_F9_m9f9_P9_Y5_UO4397,I9_F9_m9f6_P9_Y2_UO6295,I9_F9_m-1f-1_P9_Y-1_U417,FXX,40,0.0,1,0,1.0,0,0,0,-9999.0,0.6875,1,P8_CV0,1,2,0,2,0
9,44.232,-122.202,I9_F9_m9f9_P9_Y5_UO4439,S9_F9_m9f7_P9_Y3_UO3897,I9_F9_m-1f-1_P9_Y-1_U417,FXX,40,0.0,1,0,1.0,0,0,0,-9999.0,0.5625,1,P8_CV0,1,2,0,1,1
9,44.232,-122.202,I9_F9_m9f9_P9_Y5_UO4443,S9_F9_m9f7_P9_Y3_UO3897,I9_F9_m-1f-1_P9_Y-1_U417,FXX,40,0.0,1,0,1.0,0,0,0,-9999.0,0.5625,1,P8_CV0,1,2,0,0,2
9,44.232,-122.202,I9_F9_m9f9_P9_Y5_UO4457,S9_F9_m9f9_P9_Y3_UO4079,I9_F9_m-1f-1_P9_Y-1_U417,FXX,40,0.0,1,0,1.0,0,0,0,-9999.0,0.5,1,P8_CV0,1,1,1,1,1
9,44.232,-122.202,I9_F9_m9f9_P9_Y5_UO4462,S9_F9_m9f9_P9_Y3_UO4079,I9_F9_m-1f-1_P9_Y-1_U417,FXX,40,0.0,1,0,1.0,0,0,0,-9999.0,0.5,1,P8_CV0,1,2,0,0,2
9,44.232,-122.202,I9_F9_m9f9_P9_Y5_UO4499,S9_F9_m9f8_P9_Y3_UO3947,I9_F9_m-1f-1_P9_Y-1_U417,FXX,40,0.0,1,0,1.0,0,0,0,-9999.0,0.5625,1,P8_CV0,1,2,0,0,2
9,44.232,-122.202,I9_F9_m9f9_P9_Y5_UO4568,I9_F9_m9f6_P9_Y2_UO6443,I9_F9_m-1f-1_P9_Y-1_U417,FXX,40,0.0,1,0,1.0,0,0,0,-9999.0,0.5,1,P8_CV0,1,2,0,1,1
9,44.232,-122.202,I9_F9_m9f9_P9_Y5_UO4584,I9_F9_m9f12_P9_Y0_UO3983,I9_F9_m-1f-1_P9_Y-1_U417,FXX,40,0.0,1,0,1.0,0,0,0,-9999.0,0.625,1,P8_CV0,1,2,0,0,2
9,44.232,-122.202,I9_F9_m9f9_P9_Y5_UO4615,I9_F9_m9f4_P9_Y2_UO6514,I9_F9_m-1f-1_P9_Y-1_U417,FXX,40,0.0,1,0,1.0,0,0,0,-9999.0,0.5625,1,P8_CV0,1,1,1,0,2
9,44.232,-122.202,I9_F9_m9f1_P9_Y3_UO4042,I9_F9_m9f7_P9_Y0_UO3713,I1_F1_m-1f-1_P1_Y-1_U332,FXX,42,0.0,1,0,1.0,0,0,0,-9999.0,0.5,1,P8_CV0,1,1,1,1,1
10,44.097,-122.493,I10_F10_m10f9_P10_Y5_UO4658,I10_F10_m10f1_P10_Y0_UO4318,I9_F9_m-1f-1_P9_Y-1_U417,FXX,40,0.0,1,0,1.0,0,0,0,-9999.0,0.625,1,P0_CV0,2,2,0,1,1
10,44.097,-122.493,I10_F10_m10f7_P10_Y4_UO5560,I10_F10_m10f1_P10_Y0_UO4318,I7_F7_m-1f-1_P7_Y-1_U459,FXX,41,0.0,1,0,1.0,0,0,0,-9999.0,0.625,1,P0_CV0,2,2,0,2,0
10,44.097,-122.493,I10_F10_m10f1_P10_Y0_UO4318,R10_F10_m-1f-1_P10_Y-1_U250,R1_F1_m-1f-1_P1_Y-1_U462,FXX,45,0.0,1,0,1.0,0,0,0,-9999.0,0.75,1,P0_CV0,2,2,0,2,0
10,44.097,-122.493,I10_F10_m10f7_P10_Y4_UO5582,S10_F10_m10f12_P10_Y2_UO6842,I7_F7_m-1f-1_P7_Y-1_U459,FXX,41,0.0,1,0,1.0,0,0,0,-9999.0,0.6875,1,P11_CV0,2,2,0,2,0
10,44.097,-122.493,I10_F10_m10f9_P10_Y5_UO4702,S10_F10_m10f14_P10_Y3_UO4185,I9_F9_m-1f-1_P9_Y-1_U417,FXX,40,0.0,1,0,1.0,0,0,0,-9999.0,0.75,1,P13_CV0,2,2,0,2,0
10,44.097,-122.493,I10_F10_m10f2_P10_Y4_UO5546,S10_F10_m10f10_P10_Y2_UO6526,I2_F2_m-1f-1_P2_Y-1_U189,FXX,41,0.0,1,0,1.0,0,0,0,-9999.0,0.9375,1,P1_CV0,2,2,0,0,2
10,44.097,-122.493,I10_F10_m10f2_P10_Y3_UO4298,S10_F10_m10f10_P10_Y1_UO2756,I2_F2_m-1f-1_P2_Y-1_U189,FXX,42,0.0,1,0,1.0,0,0,0,-9999.0,1.0,1,P1_CV0,2,2,0,0,2
10,44.097,-122.493,I10_F10_m10f2_P10_Y3_UO4141,I10_F10_m10f14_P10_Y0_UO4146,I2_F2_m-1f-1_P2_Y-1_U189,FXX,42,0.0,1,0,1.0,0,0,0,-9999.0,0.875,1,P1_CV0,2,2,0,0,2
10,44.097,-122.493,I10_F10_m10f4_P10_Y4_UO5720,I10_F10_m10f2_P10_Y1_UO2886,I4_F4_m-1f-1_P4_Y-1_U247,FXX,41,0.0,1,0,1.0,0,0,0,-9999.0,0.75,1,P3_CV0,2,2,0,2,0
10,44.097,-122.493,I10_F10_m10f9_P10_Y5_UO4853,I10_F10_m10f6_P10_Y0_UO4356,I9_F9_m-1f-1_P9_Y-1_U417,FXX,40,0.0,1,0,1.0,0,0,0,-9999.0,0.625,1,P5_CV0,2,2,0,1,1
10,44.097,-122.493,I10_F10_m10f9_P10_Y5_UO4730,I10_F10_m10f15_P10_Y2_UO6880,I9_F9_m-1f-1_P9_Y-1_U417,FXX,40,0.0,1,0,1.0,0,0,0,-9999.0,0.625,1,P8_CV0,2,2,0,2,0
10,44.097,-122.493,I10_F10_m10f9_P10_Y5_UO4887,I10_F10_m10f8_P10_Y2_UO6549,I9_F9_m-1f-1_P9_Y-1_U417,FXX,40,0.0,1,0,1.0,0,0,0,-9999.0,0.625,1,P8_CV0,2,2,0,1,1
10,44.097,-122.493,I10_F10_m10f9_P10_Y5_UO4969,S10_F10_m10f5_P10_Y3_UO4494,I9_F9_m-1f-1_P9_Y-1_U417,FXX,40,0.0,1,0,1.0,0,0,0,-9999.0,0.75,1,P9_CV0,2,2,0,1,1
10,44.097,-122.493,I10_F10_m10f9_P10_Y5_UO4978,S10_F10_m10f1_P10_Y3_UO4450,I9_F9_m-1f-1_P9_Y-1_U417,FXX,40,0.0,1,0,1.0,0,0,0,-9999.0,0.5,1,P9_CV0,2,2,0,0,2
10,44.097,-122.493,I10_F10_m10f9_P10_Y5_UO4982,S10_F10_m10f1_P10_Y3_UO4450,I9_F9_m-1f-1_P9_Y-1_U417,FXX,40,0.0,1,0,1.0,0,0,0,-9999.0,0.5,1,P9_CV0,2,2,0,0,2
10,44.097,-122.493,I10_F10_m10f9_P10_Y5_UO5003,I10_F10_m10f2_P10_Y2_UO6891,I9_F9_m-1f-1_P9_Y-1_U417,FXX,40,0.0,1,0,1.0,0,0,0,-9999.0,0.6875,1,P9_CV0,2,2,0,1,1
10,44.097,-122.493,I10_F10_m10f8_P10_Y3_UO4363,S10_F10_m10f5_P10_Y1_UO2861,I8_F8_m-1f-1_P8_Y-1_U191,FXX,42,0.0,1,0,1.0,0,0,0,-9999.0,0.75,1,P9_CV0,2,2,0,0,2
11,44.234,-122.277,I11_F11_m11f3_P11_Y4_UO5979,S11_F11_m11f2_P11_Y2_UO6983,I3_F3_m-1f-1_P3_Y-1_U83,FXX,41,0.0,1,0,1.0,0,0,0,-9999.0,0.6875,1,P0_CV0,1,2,0,1,1
11,44.234,-122.277,I11_F11_m11f9_P11_Y5_UO5113,S11_F11_m11f5_P11_Y3_UO4596,I9_F9_m-1f-1_P9_Y-1_U417,FXX,40,0.0,1,0,1.0,0,0,0,-9999.0,0.6875,1,P10_CV0,1,2,0,1,1
11,44.234,-122.277,I11_F11_m11f9_P11_Y5_UO5124,S11_F11_m11f7_P11_Y3_UO4711,I9_F9_m-1f-1_P9_Y-1_U417,FXX,40,0.0,1,0,1.0,0,0,0,-9999.0,0.5,1,P10_CV0,1,2,0,1,1
11,44.234,-122.277,I11_F11_m11f9_P11_Y5_UO5149,S11_F11_m11f9_P11_Y3_UO4564,I9_F9_m-1f-1_P9_Y-1_U417,FXX,40,0.0,1,0,1.0,0,0,0,-9999.0,0.5625,1,P10_CV0,1,1,1,1,1
11,44.234,-122.277,I11_F11_m11f9_P11_Y5_UO5154,S11_F11_m11f3_P11_Y3_UO4554,I9_F9_m-1f-1_P9_Y-1_U417,FXX,40,0.0,1,0,1.0,0,0,0,-9999.0,0.5,1,P10_CV0,1,2,0,0,2
11,44.234,-122.277,I11_F11_m11f9_P11_Y5_UO5168,I11_F11_m11f8_P11_Y2_UO7070,I9_F9_m-1f-1_P9_Y-1_U417,FXX,40,0.0,1,0,1.0,0,0,0,-9999.0,0.75,1,P10_CV0,1,2,0,2,0
11,44.234,-122.277,I11_F11_m11f4_P11_Y4_UO6032,S11_F11_m11f14_P11_Y2_UO7002,I4_F4_m-1f-1_P4_Y-1_U247,FXX,41,0.0,1,0,1.0,0,0,0,-9999.0,0.5,1,P10_CV0,1,2,0,1,1
11,44.234,-122.277,I11_F11_m11f9_P11_Y4_UO6148,I11_F11_m-1f-1_P11_Y-1_U312,I9_F9_m-1f-1_P9_Y-1_U417,FXX,41,0.0,1,0,1.0,0,0,0,-9999.0,0.5,1,P10_CV0,1,2,0,1,1
11,44.234,-122.277,I11_F11_m11f14_P11_Y2_UO7006,S11_F11_m11f11_P11_Y0_UO4698,I14_F14_m-1f-1_P14_Y-1_U493,FXX,43,0.0,1,0,1.0,0,0,0,-9999.0,0.625,1,P10_CV0,1,1,1,1,1
11,44.234,-122.277,I11_F11_m11f9_P11_Y5_UO5244,I11_F11_m11f12_P11_Y2_UO7059,I9_F9_m-1f-1_P9_Y-1_U417,FXX,40,0.0,1,0,1.0,0,0,0,-9999.0,0.625,1,P11_CV0,1,2,0,2,0
11,44.234,-122.277,I11_F11_m11f9_P11_Y5_UO5304,I11_F11_m11f15_P11_Y2_UO7012,I9_F9_m-1f-1_P9_Y-1_U417,FXX,40,0.0,1,0,1.0,0,0,0,-9999.0,0.5,1,P14_CV0,1,2,0,2,0
11,44.234,-122.277,I11_F11_m11f9_P11_Y5_UO5126,S11_F11_m11f8_P11_Y3_UO4610,I9_F9_m-1f-1_P9_Y-1_U417,FXX,40,0.0,1,0,1.0,0,0,0,-9999.0,0.5,1,P8_CV0,1,2,0,1,1
11,44.234,-122.277,I11_F11_m11f9_P11_Y5_UO5138,S11_F11_m11f1_P11_Y3_UO4634,I9_F9_m-1f-1_P9_Y-1_U417,FXX,40,0.0,1,0,1.0,0,0,0,-9999.0,0.5,1,P8_CV0,1,2,0,0,2
11,44.234,-122.277,I11_F11_m11f9_P11_Y5_UO5226,I11_F11_m11f6_P11_Y2_UO7171,I9_F9_m-1f-1_P9_Y-1_U417,FXX,40,0.0,1,0,1.0,0,0,0,-9999.0,0.5625,1,P8_CV0,1,2,0,0,2
11,44.234,-122.277,I11_F11_m11f9_P11_Y5_UO5247,I11_F11_m11f12_P11_Y2_UO7059,I9_F9_m-1f-1_P9_Y-1_U417,FXX,40,0.0,1,0,1.0,0,0,0,-9999.0,0.625,1,P8_CV0,1,1,1,1,1
11,44.234,-122.277,I11_F11_m11f9_P11_Y5_UO5281,I11_F11_m11f14_P11_Y1_UO3134,I9_F9_m-1f-1_P9_Y-1_U417,FXX,40,0.0,1,0,1.0,0,0,0,-9999.0,0.625,1,P8_CV0,1,2,0,1,1
11,44.234,-122.277,I11_F11_m11f9_P11_Y5_UO5305,S11_F11_m11f5_P11_Y3_UO4782,I9_F9_m-1f-1_P9_Y-1_U417,FXX,40,0.0,1,0,1.0,0,0,0,-9999.0,0.75,1,P8_CV0,1,1,1,0,2
11,44.234,-122.277,I11_F11_m11f9_P11_Y5_UO5352,S11_F11_m11f3_P11_Y3_UO4556,I9_F9_m-1f-1_P9_Y-1_U417,FXX,40,0.0,1,0,1.0,0,0,0,-9999.0,0.5,1,P8_CV0,1,2,0,2,0
11,44.234,-122.277,I11_F11_m11f9_P11_Y5_UO5355,S11_F11_m11f5_P11_Y3_UO4587,I9_F9_m-1f-1_P9_Y-1_U417,FXX,40,0.0,1,0,1.0,0,0,0,-9999.0,0.6875,1,P8_CV0,1,2,0,1,1
11,44.234,-122.277,I11_F11_m11f9_P11_Y5_UO5387,I11_F11_m11f13_P11_Y2_UO7380,I9_F9_m-1f-1_P9_Y-1_U417,FXX,40,0.0,1,0,1.0,0,0,0,-9999.0,0.5,1,P8_CV0,1,1,1,2,0
12,43.456,-122.761,I12_F12_m12f1_P12_Y3_UO4931,S12_F12_m12f11_P12_Y1_UO3396,I1_F1_m-1f-1_P1_Y-1_U337,FXX,42,0.0,1,0,1.0,0,0,0,-9999.0,1.0,1,P0_CV0,1,2,0,1,1
12,43.456,-122.761,I12_F12_m12f9_P12_Y5_UO5518,S12_F12_m12f9_P12_Y3_UO5003,I9_F9_m-1f-1_P9_Y-1_U417,FXX,40,0.0,1,0,1.0,0,0,0,-9999.0,0.625,1,P11_CV0,1,2,0,2,0
12,43.456,-122.761,I12_F12_m12f9_P12_Y5_UO5563,S12_F12_m12f15_P12_Y3_UO5022,I9_F9_m-1f-1_P9_Y-1_U417,FXX,40,0.0,1,0,1.0,0,0,0,-9999.0,0.5,1,P11_CV0,1,2,0,1,1
12,43.456,-122.761,I12_F12_m12f9_P12_Y5_UO5516,S12_F12_m12f9_P12_Y3_UO5003,I9_F9_m-1f-1_P9_Y-1_U417,FXX,40,0.0,1,0,1.0,0,0,0,-9999.0,0.625,1,P11_CV0,1,1,1,0,2
12,43.456,-122.761,I12_F12_m12f9_P12_Y5_UO5609,I12_F12_m12f10_P12_Y2_UO7704,I9_F9_m-1f-1_P9_Y-1_U417,FXX,40,0.0,1,0,1.0,0,0,0,-9999.0,0.625,1,P11_CV0,1,2,0,2,0
12,43.456,-122.761,I12_F12_m12f9_P12_Y5_UO5594,I12_F12_m12f2_P12_Y2_UO7506,I9_F9_m-1f-1_P9_Y-1_U417,FXX,40,0.0,1,0,1.0,0,0,0,-9999.0,0.6875,1,P11_CV0,1,2,0,1,1
12,43.456,-122.761,I12_F12_m12f1_P12_Y3_UO4953,I12_F12_m12f13_P12_Y0_UO5415,I1_F1_m-1f-1_P1_Y-1_U332,FXX,42,0.0,1,0,1.0,0,0,0,-9999.0,0.5,1,P11_CV0,1,2,0,0,2
12,43.456,-122.761,I12_F12_m12f10_P12_Y2_UO7581,S12_F12_m12f4_P12_Y0_UO5242,I10_F10_m-1f-1_P10_Y-1_U212,FXX,43,0.0,1,0,1.0,0,0,0,-9999.0,0.625,1,P11_CV0,1,2,0,2,0
12,43.456,-122.761,I12_F12_m12f9_P12_Y5_UO5638,I12_F12_m12f14_P12_Y2_UO7488,I9_F9_m-1f-1_P9_Y-1_U417,FXX,40,0.0,1,0,1.0,0,0,0,-9999.0,0.4375,1,P13_CV0,1,2,0,0,2
12,43.456,-122.761,I12_F12_m12f9_P12_Y5_UO5642,S12_F12_m12f1_P12_Y3_UO5123,I9_F9_m-1f-1_P9_Y-1_U417,FXX,40,0.0,1,0,1.0,0,0,0,-9999.0,0.5625,1,P14_CV0,1,2,0,2,0
12,43.456,-122.761,I12_F12_m12f9_P12_Y5_UO5656,S12_F12_m12f14_P12_Y3_UO5117,I9_F9_m-1f-1_P9_Y-1_U417,FXX,40,0.0,1,0,1.0,0,0,0,-9999.0,0.5625,1,P14_CV0,1,2,0,0,2
12,43.456,-122.761,I12_F12_m12f7_P12_Y4_UO6660,S12_F12_m12f15_P12_Y2_UO7579,I7_F7_m-1f-1_P7_Y-1_U459,FXX,41,0.0,1,0,1.0,0,0,0,-9999.0,0.5,1,P14_CV0,1,2,0,1,1
12,43.456,-122.761,I12_F12_m12f10_P12_Y3_UO5137,I12_F12_m12f2_P12_Y0_UO5092,I10_F10_m-1f-1_P10_Y-1_U212,FXX,42,0.0,1,0,1.0,0,0,0,-9999.0,0.75,1,P1_CV0,1,2,0,2,0
12,43.456,-122.761,I12_F12_m12f2_P12_Y2_UO7565,S12_F12_m12f16_P12_Y0_UO5210,I2_F2_m-1f-1_P2_Y-1_U204,FXX,43,0.0,1,0,1.0,0,0,0,-9999.0,0.875,1,P1_CV0,1,2,0,1,1
12,43.456,-122.761,I12_F12_m12f2_P12_Y2_UO7889,S12_F12_m12f9_P12_Y0_UO5178,I2_F2_m-1f-1_P2_Y-1_U472,FXX,43,0.0,1,0,1.0,0,0,0,-9999.0,0.875,1,P1_CV0,1,2,0,0,2
12,43.456,-122.761,I12_F12_m12f4_P12_Y4_UO6755,S12_F12_m12f6_P12_Y2_UO7554,I4_F4_m-1f-1_P4_Y-1_U247,FXX,41,0.0,1,0,1.0,0,0,0,-9999.0,0.5625,1,P3_CV0,1,2,0,2,0
12,43.456,-122.761,I12_F12_m12f14_P12_Y4_UO6731,S12_F12_m12f4_P12_Y2_UO7462,I14_F14_m-1f-1_P14_Y-1_U380,FXX,41,0.0,1,0,1.0,0,0,0,-9999.0,0.5,1,P3_CV0,1,2,0,2,0
12,43.456,-122.761,I12_F12_m12f4_P12_Y4_UO6552,S12_F12_m12f13_P12_Y2_UO7660,I4_F4_m-1f-1_P4_Y-1_U247,FXX,41,0.0,1,0,1.0,0,0,0,-9999.0,0.4375,1,P3_CV0,1,1,1,2,0
12,43.456,-122.761,I12_F12_m12f9_P12_Y5_UO5738,S12_F12_m12f2_P12_Y3_UO5152,I9_F9_m-1f-1_P9_Y-1_U417,FXX,40,0.0,1,0,1.0,0,0,0,-9999.0,0.6875,1,P4_CV0,1,1,1,0,2
12,43.456,-122.761,I12_F12_m12f9_P12_Y5_UO5739,S12_F12_m12f2_P12_Y3_UO5152,I9_F9_m-1f-1_P9_Y-1_U417,FXX,40,0.0,1,0,1.0,0,0,0,-9999.0,0.6875,1,P4_CV0,1,1,1,0,2
12,43.456,-122.761,I12_F12_m12f9_P12_Y4_UO6760,S12_F12_m12f6_P12_Y2_UO7902,I9_F9_m-1f-1_P9_Y-1_U417,FXX,41,0.0,1,0,1.0,0,0,0,-9999.0,0.5,1,P5_CV0,1,1,1,2,0
12,43.456,-122.761,I12_F12_m12f9_P12_Y5_UO5699,I12_F12_m12f2_P12_Y2_UO7565,I9_F9_m-1f-1_P9_Y-1_U417,FXX,40,0.0,1,0,1.0,0,0,0,-9999.0,0.6875,1,P8_CV0,1,1,1,2,0
12,43.456,-122.761,I12_F12_m12f9_P12_Y5_UO5807,S12_F12_m12f16_P12_Y3_UO5216,I9_F9_m-1f-1_P9_Y-1_U417,FXX,40,0.0,1,0,1.0,0,0,0,-9999.0,0.625,1,P8_CV0,1,2,0,2,0
12,43.456,-122.761,I12_F12_m12f9_P12_Y5_UO5687,S12_F12_m12f2_P12_Y3_UO5155,I9_F9_m-1f-1_P9_Y-1_U417,FXX,40,0.0,1,0,1.0,0,0,0,-9999.0,0.6875,1,P8_CV0,1,1,1,1,1
12,43.456,-122.761,I12_F12_m12f9_P12_Y5_UO5690,I12_F12_m12f2_P12_Y2_UO7889,I9_F9_m-1f-1_P9_Y-1_U417,FXX,40,0.0,1,0,1.0,0,0,0,-9999.0,0.6875,1,P8_CV0,1,2,0,1,1
12,43.456,-122.761,I12_F12_m12f9_P12_Y5_UO5844,S12_F12_m12f10_P12_Y3_UO5138,I9_F9_m-1f-1_P9_Y-1_U417,FXX,40,0.0,1,0,1.0,0,0,0,-9999.0,0.625,1,P8_CV0,1,2,0,1,1
12,43.456,-122.761,I12_F12_m12f9_P12_Y5_UO5816,S12_F12_m12f16_P12_Y3_UO5211,I9_F9_m-1f-1_P9_Y-1_U417,FXX,40,0.0,1,0,1.0,0,0,0,-9999.0,0.625,1,P8_CV0,1,2,0,2,0
12,43.456,-122.761,I12_F12_m12f9_P12_Y5_UO5779,I12_F12_m12f7_P12_Y0_UO5152,I9_F9_m-1f-1_P9_Y-1_U417,FXX,40,0.0,1,0,1.0,0,0,0,-9999.0,0.5,1,P8_CV0,1,2,0,2,0
12,43.456,-122.761,I12_F12_m12f9_P12_Y5_UO5571,S12_F12_m12f4_P12_Y3_UO4957,I9_F9_m-1f-1_P9_Y-1_U417,FXX,40,0.0,1,0,1.0,0,0,0,-9999.0,0.625,1,P8_CV0,1,2,0,1,1
12,43.456,-122.761,I12_F12_m12f9_P12_Y4_UO6488,S12_F12_m12f16_P12_Y2_UO7492,I9_F9_m-1f-1_P9_Y-1_U417,FXX,41,0.0,1,0,1.0,0,0,0,-9999.0,0.5,1,P8_CV0,1,1,1,2,0
13,45.129,-121.965,I13_F13_m13f9_P13_Y5_UO5905,S13_F13_m13f9_P13_Y3_UO5356,I9_F9_m-1f-1_P9_Y-1_U417,FXX,40,0.0,1,0,1.0,0,0,0,-9999.0,0.6875,1,P12_CV0,1,1,1,1,1
13,45.129,-121.965,I13_F13_m13f8_P13_Y2_UO8207,S13_F13_m13f14_P13_Y0_UO5792,I8_F8_m-1f-1_P8_Y-1_U184,FXX,43,0.0,1,0,1.0,0,0,0,-9999.0,0.625,1,P13_CV0,1,1,1,1,1
13,45.129,-121.965,I13_F13_m13f9_P13_Y5_UO5982,S13_F13_m13f15_P13_Y3_UO5477,I9_F9_m-1f-1_P9_Y-1_U417,FXX,40,0.0,1,0,1.0,0,0,0,-9999.0,0.5625,1,P14_CV0,1,2,0,1,1
13,45.129,-121.965,I13_F13_m13f9_P13_Y5_UO5989,S13_F13_m13f7_P13_Y3_UO5469,I9_F9_m-1f-1_P9_Y-1_U417,FXX,40,0.0,1,0,1.0,0,0,0,-9999.0,0.5,1,P15_CV0,1,1,1,1,1
13,45.129,-121.965,I13_F13_m13f9_P13_Y5_UO6028,S13_F13_m13f4_P13_Y3_UO5595,I9_F9_m-1f-1_P9_Y-1_U417,FXX,40,0.0,1,0,1.0,0,0,0,-9999.0,0.5,1,P3_CV0,1,1,1,1,1
13,45.129,-121.965,I13_F13_m13f2_P13_Y4_UO7144,I13_F13_m13f5_P13_Y1_UO3594,I2_F2_m-1f-1_P2_Y-1_U189,FXX,41,0.0,1,0,1.0,0,0,0,-9999.0,0.875,1,P4_CV0,1,2,0,0,2
13,45.129,-121.965,I13_F13_m13f6_P13_Y2_UO8302,S13_F13_m13f8_P13_Y0_UO5909,I6_F6_m-1f-1_P6_Y-1_U103,FXX,43,0.0,1,0,1.0,0,0,0,-9999.0,0.5,1,P5_CV0,1,1,1,2,0
13,45.129,-121.965,I13_F13_m13f9_P13_Y5_UO6111,S13_F13_m13f7_P13_Y3_UO5450,I9_F9_m-1f-1_P9_Y-1_U417,FXX,40,0.0,1,0,1.0,0,0,0,-9999.0,0.625,1,P6_CV0,1,2,0,2,0
13,45.129,-121.965,I13_F13_m13f9_P13_Y5_UO6132,I13_F13_m13f7_P13_Y2_UO8272,I9_F9_m-1f-1_P9_Y-1_U417,FXX,40,0.0,1,0,1.0,0,0,0,-9999.0,0.5,1,P6_CV0,1,2,0,1,1
13,45.129,-121.965,I13_F13_m13f3_P13_Y4_UO7166,S13_F13_m13f7_P13_Y2_UO7954,I3_F3_m-1f-1_P3_Y-1_U83,FXX,41,0.0,1,0,1.0,0,0,0,-9999.0,0.625,1,P6_CV0,1,2,0,1,1
13,45.129,-121.965,I13_F13_m13f8_P13_Y4_UO7247,S13_F13_m13f10_P13_Y2_UO7976,I8_F8_m-1f-1_P8_Y-1_U191,FXX,41,0.0,1,0,1.0,0,0,0,-9999.0,0.6875,1,P7_CV0,1,1,1,1,1
13,45.129,-121.965,I13_F13_m13f9_P13_Y5_UO5860,S13_F13_m13f1_P13_Y3_UO5524,I9_F9_m-1f-1_P9_Y-1_U417,FXX,40,0.0,1,0,1.0,0,0,0,-9999.0,0.5625,1,P8_CV0,1,2,0,1,1
13,45.129,-121.965,I13_F13_m13f9_P13_Y5_UO6091,I13_F13_m13f6_P13_Y2_UO8302,I9_F9_m-1f-1_P9_Y-1_U417,FXX,40,0.0,1,0,1.0,0,0,0,-9999.0,0.5,1,P8_CV0,1,2,0,2,0
13,45.129,-121.965,I13_F13_m13f9_P13_Y5_UO6092,I13_F13_m13f6_P13_Y2_UO8302,I9_F9_m-1f-1_P9_Y-1_U417,FXX,40,0.0,1,0,1.0,0,0,0,-9999.0,0.5,1,P8_CV0,1,2,0,2,0
13,45.129,-121.965,I13_F13_m13f9_P13_Y5_UO6098,I13_F13_m13f6_P13_Y2_UO8081,I9_F9_m-1f-1_P9_Y-1_U417,FXX,40,0.0,1,0,1.0,0,0,0,-9999.0,0.625,1,P8_CV0,1,2,0,2,0
13,45.129,-121.965,I13_F13_m13f9_P13_Y5_UO6133,I13_F13_m13f7_P13_Y2_UO8272,I9_F9_m-1f-1_P9_Y-1_U417,FXX,40,0.0,1,0,1.0,0,0,0,-9999.0,0.5,1,P8_CV0,1,1,1,0,2
13,45.129,-121.965,I13_F13_m13f9_P13_Y5_UO6212,S13_F13_m13f5_P13_Y3_UO5602,I9_F9_m-1f-1_P9_Y-1_U417,FXX,40,0.0,1,0,1.0,0,0,0,-9999.0,0.6875,1,P8_CV0,1,2,0,1,1
13,45.129,-121.965,I13_F13_m13f9_P13_Y5_UO6220,I13_F13_m13f9_P13_Y0_UO5497,I9_F9_m-1f-1_P9_Y-1_U417,FXX,40,0.0,1,0,1.0,0,0,0,-9999.0,0.5,1,P8_CV0,1,1,1,1,1
14,44.246,-122.307,I14_F14_m14f1_P14_Y4_UO7691,S14_F14_m14f9_P14_Y2_UO8605,I1_F1_m-1f-1_P1_Y-1_U332,FXX,41,0.0,1,0,1.0,0,0,0,-9999.0,0.5,1,P0_CV0,1,2,0,0,2
14,44.246,-122.307,I14_F14_m14f1_P14_Y2_UO8402,S14_F14_m14f3_P14_Y0_UO6293,I1_F1_m-1f-1_P1_Y-1_U73,FXX,43,0.0,1,0,1.0,0,0,0,-9999.0,0.5,1,P0_CV0,1,2,0,1,1
14,44.246,-122.307,I14_F14_m14f9_P14_Y5_UO6344,I14_F14_m14f12_P14_Y1_UO4066,I9_F9_m-1f-1_P9_Y-1_U417,FXX,40,0.0,1,0,1.0,0,0,0,-9999.0,0.5,1,P11_CV0,1,1,1,1,1
14,44.246,-122.307,I14_F14_m14f14_P14_Y4_UO7341,S14_F14_m14f8_P14_Y2_UO8389,I14_F14_m-1f-1_P14_Y-1_U380,FXX,41,0.0,1,0,1.0,0,0,0,-9999.0,0.6875,1,P11_CV0,1,1,1,0,2
14,44.246,-122.307,I14_F14_m14f9_P14_Y5_UO6352,S14_F14_m14f13_P14_Y3_UO5711,I9_F9_m-1f-1_P9_Y-1_U417,FXX,40,0.0,1,0,1.0,0,0,0,-9999.0,0.625,1,P12_CV0,1,2,0,1,1
14,44.246,-122.307,I14_F14_m14f9_P14_Y5_UO6411,S14_F14_m14f2_P14_Y3_UO5751,I9_F9_m-1f-1_P9_Y-1_U417,FXX,40,0.0,1,0,1.0,0,0,0,-9999.0,0.75,1,P13_CV0,1,2,0,1,1
14,44.246,-122.307,I14_F14_m14f14_P14_Y4_UO7621,S14_F14_m14f14_P14_Y2_UO8741,I14_F14_m-1f-1_P14_Y-1_U380,FXX,41,0.0,1,0,1.0,0,0,0,-9999.0,0.625,1,P13_CV0,1,1,1,2,0
14,44.246,-122.307,I14_F14_m14f2_P14_Y3_UO5751,S14_F14_m14f2_P14_Y1_UO4055,I2_F2_m-1f-1_P2_Y-1_U478,FXX,42,0.0,1,0,1.0,0,0,0,-9999.0,1.0,1,P13_CV0,1,2,0,0,2
14,44.246,-122.307,I14_F14_m14f2_P14_Y4_UO7512,S14_F14_m14f15_P14_Y2_UO8655,I2_F2_m-1f-1_P2_Y-1_U189,FXX,41,0.0,1,0,1.0,0,0,0,-9999.0,0.875,1,P14_CV0,1,2,0,1,1
14,44.246,-122.307,I14_F14_m14f15_P14_Y3_UO5772,S14_F14_m14f4_P14_Y1_UO4100,I15_F15_m-1f-1_P15_Y-1_U434,FXX,42,0.0,1,0,1.0,0,0,0,-9999.0,0.5,1,P14_CV0,1,2,0,1,1
14,44.246,-122.307,I14_F14_m14f9_P14_Y5_UO6506,S14_F14_m14f16_P14_Y3_UO5951,I9_F9_m-1f-1_P9_Y-1_U417,FXX,40,0.0,1,0,1.0,0,0,0,-9999.0,0.5,1,P15_CV0,1,2,0,1,1
14,44.246,-122.307,I14_F14_m14f9_P14_Y4_UO7525,S14_F14_m14f16_P14_Y2_UO8780,I9_F9_m-1f-1_P9_Y-1_U417,FXX,41,0.0,1,0,1.0,0,0,0,-9999.0,0.625,1,P15_CV0,1,2,0,1,1
14,44.246,-122.307,I14_F14_m14f9_P14_Y5_UO6544,S14_F14_m14f2_P14_Y3_UO5919,I9_F9_m-1f-1_P9_Y-1_U417,FXX,40,0.0,1,0,1.0,0,0,0,-9999.0,0.6875,1,P1_CV0,1,2,0,0,2
14,44.246,-122.307,I14_F14_m14f9_P14_Y5_UO6575,S14_F14_m14f4_P14_Y3_UO5728,I9_F9_m-1f-1_P9_Y-1_U417,FXX,40,0.0,1,0,1.0,0,0,0,-9999.0,0.625,1,P3_CV0,1,1,1,0,2
14,44.246,-122.307,I14_F14_m14f4_P14_Y4_UO7608,S14_F14_m14f6_P14_Y2_UO8513,I4_F4_m-1f-1_P4_Y-1_U247,FXX,41,0.0,1,0,1.0,0,0,0,-9999.0,0.5625,1,P5_CV0,1,2,0,1,1
14,44.246,-122.307,I14_F14_m14f9_P14_Y5_UO6630,S14_F14_m14f7_P14_Y3_UO5881,I9_F9_m-1f-1_P9_Y-1_U417,FXX,40,0.0,1,0,1.0,0,0,0,-9999.0,0.625,1,P6_CV0,1,1,1,1,1
14,44.246,-122.307,I14_F14_m14f9_P14_Y5_UO6641,S14_F14_m14f8_P14_Y3_UO5983,I9_F9_m-1f-1_P9_Y-1_U417,FXX,40,0.0,1,0,1.0,0,0,0,-9999.0,0.5625,1,P7_CV0,1,2,0,2,0
14,44.246,-122.307,I14_F14_m14f8_P14_Y4_UO7462,S14_F14_m14f14_P14_Y2_UO8788,I8_F8_m-1f-1_P8_Y-1_U191,FXX,41,0.0,1,0,1.0,0,0,0,-9999.0,0.625,1,P7_CV0,1,2,0,0,2
14,44.246,-122.307,I14_F14_m14f9_P14_Y5_UO6334,I14_F14_m14f8_P14_Y2_UO8391,I9_F9_m-1f-1_P9_Y-1_U417,FXX,40,0.0,1,0,1.0,0,0,0,-9999.0,0.5625,1,P8_CV0,1,2,0,2,0
14,44.246,-122.307,I14_F14_m14f9_P14_Y5_UO6582,I14_F14_m14f11_P14_Y2_UO8721,I9_F9_m-1f-1_P9_Y-1_U417,FXX,40,0.0,1,0,1.0,0,0,0,-9999.0,0.6875,1,P8_CV0,1,1,1,2,0
14,44.246,-122.307,I14_F14_m14f9_P14_Y5_UO6457,I14_F14_m14f8_P14_Y2_UO8538,I9_F9_m-1f-1_P9_Y-1_U417,FXX,40,0.0,1,0,1.0,0,0,0,-9999.0,0.5625,1,P8_CV0,1,1,1,1,1
14,44.246,-122.307,I14_F14_m14f9_P14_Y5_UO6400,S14_F14_m14f2_P14_Y3_UO5752,I9_F9_m-1f-1_P9_Y-1_U417,FXX,40,0.0,1,0,1.0,0,0,0,-9999.0,0.75,1,P8_CV0,1,1,1,1,1
14,44.246,-122.307,I14_F14_m14f9_P14_Y5_UO6500,S14_F14_m14f4_P14_Y3_UO5925,I9_F9_m-1f-1_P9_Y-1_U417,FXX,40,0.0,1,0,1.0,0,0,0,-9999.0,0.4375,1,P8_CV0,1,2,0,2,0
14,44.246,-122.307,I14_F14_m14f9_P14_Y5_UO6536,S14_F14_m14f2_P14_Y3_UO5928,I9_F9_m-1f-1_P9_Y-1_U417,FXX,40,0.0,1,0,1.0,0,0,0,-9999.0,0.625,1,P8_CV0,1,2,0,1,1
14,44.246,-122.307,I14_F14_m14f9_P14_Y5_UO6674,S14_F14_m14f9_P14_Y3_UO5625,I9_F9_m-1f-1_P9_Y-1_U417,FXX,40,0.0,1,0,1.0,0,0,0,-9999.0,0.625,1,P8_CV0,1,2,0,1,1
14,44.246,-122.307,I14_F14_m14f9_P14_Y5_UO6492,I14_F14_m14f15_P14_Y2_UO8655,I9_F9_m-1f-1_P9_Y-1_U417,FXX,40,0.0,1,0,1.0,0,0,0,-9999.0,0.625,1,P8_CV0,1,2,0,1,1
14,44.246,-122.307,I14_F14_m14f9_P14_Y5_UO6533,S14_F14_m14f2_P14_Y3_UO5928,I9_F9_m-1f-1_P9_Y-1_U417,FXX,40,0.0,1,0,1.0,0,0,0,-9999.0,0.625,1,P8_CV0,1,2,0,1,1
14,44.246,-122.307,I14_F14_m14f9_P14_Y5_UO6686,S14_F14_m14f10_P14_Y3_UO5965,I9_F9_m-1f-1_P9_Y-1_U417,FXX,40,0.0,1,0,1.0,0,0,0,-9999.0,0.625,1,P9_CV0,1,2,0,2,0
15,44.222,-122.117,I15_F15_m15f9_P15_Y5_UO6767,I15_F15_m15f14_P15_Y2_UO9096,I9_F9_m-1f-1_P9_Y-1_U417,FXX,40,0.0,1,0,1.0,0,0,0,-9999.0,0.4375,1,P13_CV0,1,2,0,1,1
15,44.222,-122.117,I15_F15_m15f9_P15_Y5_UO6785,S15_F15_m15f9_P15_Y3_UO6193,I9_F9_m-1f-1_P9_Y-1_U417,FXX,40,0.0,1,0,1.0,0,0,0,-9999.0,0.4375,1,P14_CV0,1,2,0,1,1
15,44.222,-122.117,I15_F15_m15f9_P15_Y5_UO6780,S15_F15_m15f9_P15_Y3_UO6187,I9_F9_m-1f-1_P9_Y-1_U417,FXX,40,0.0,1,0,1.0,0,0,0,-9999.0,0.625,1,P14_CV0,1,2,0,0,2
15,44.222,-122.117,I15_F15_m15f9_P15_Y5_UO6962,I15_F15_m15f2_P15_Y2_UO8870,I9_F9_m-1f-1_P9_Y-1_U417,FXX,40,0.0,1,0,1.0,0,0,0,-9999.0,0.6875,1,P1_CV0,1,2,0,2,0
15,44.222,-122.117,I15_F15_m15f9_P15_Y4_UO8048,S15_F15_m15f4_P15_Y2_UO8876,I9_F9_m-1f-1_P9_Y-1_U417,FXX,41,0.0,1,0,1.0,0,0,0,-9999.0,0.5,1,P3_CV0,1,2,0,1,1
15,44.222,-122.117,I15_F15_m15f2_P15_Y4_UO8038,S15_F15_m15f4_P15_Y2_UO9071,I2_F2_m-1f-1_P2_Y-1_U189,FXX,41,0.0,1,0,1.0,0,0,0,-9999.0,1.0,1,P3_CV0,1,2,0,1,1
15,44.222,-122.117,I15_F15_m15f9_P15_Y5_UO7009,S15_F15_m15f7_P15_Y3_UO6136,I9_F9_m-1f-1_P9_Y-1_U417,FXX,40,0.0,1,0,1.0,0,0,0,-9999.0,0.5625,1,P6_CV0,1,2,0,1,1
15,44.222,-122.117,I15_F15_m15f9_P15_Y5_UO7014,S15_F15_m15f7_P15_Y3_UO6136,I9_F9_m-1f-1_P9_Y-1_U417,FXX,40,0.0,1,0,1.0,0,0,0,-9999.0,0.5625,1,P6_CV0,1,2,0,0,2
15,44.222,-122.117,I15_F15_m15f7_P15_Y4_UO7739,S15_F15_m15f4_P15_Y2_UO8807,I7_F7_m-1f-1_P7_Y-1_U459,FXX,41,0.0,1,0,1.0,0,0,0,-9999.0,0.5625,1,P6_CV0,1,1,1,0,2
15,44.222,-122.117,I15_F15_m15f7_P15_Y4_UO7856,S15_F15_m15f15_P15_Y2_UO8904,I7_F7_m-1f-1_P7_Y-1_U459,FXX,41,0.0,1,0,1.0,0,0,0,-9999.0,0.625,1,P6_CV0,1,2,0,2,0
15,44.222,-122.117,I15_F15_m15f9_P15_Y5_UO7048,I15_F15_m15f8_P15_Y0_UO6714,I9_F9_m-1f-1_P9_Y-1_U417,FXX,40,0.0,1,0,1.0,0,0,0,-9999.0,0.625,1,P7_CV0,1,1,1,0,2
15,44.222,-122.117,I15_F15_m15f9_P15_Y5_UO6891,I15_F15_m15f10_P15_Y0_UO6611,I9_F9_m-1f-1_P9_Y-1_U417,FXX,40,0.0,1,0,1.0,0,0,0,-9999.0,0.5,1,P8_CV0,1,2,0,0,2
15,44.222,-122.117,I15_F15_m15f9_P15_Y5_UO7084,S15_F15_m15f10_P15_Y3_UO6140,I9_F9_m-1f-1_P9_Y-1_U417,FXX,40,0.0,1,0,1.0,0,0,0,-9999.0,0.625,1,P8_CV0,1,2,0,0,2
15,44.222,-122.117,I15_F15_m15f9_P15_Y5_UO6983,S15_F15_m15f4_P15_Y3_UO6270,I9_F9_m-1f-1_P9_Y-1_U417,FXX,40,0.0,1,0,1.0,0,0,0,-9999.0,0.5,1,P8_CV0,1,1,1,2,0
15,44.222,-122.117,I15_F15_m15f9_P15_Y5_UO6768,I15_F15_m15f14_P15_Y2_UO9096,I9_F9_m-1f-1_P9_Y-1_U417,FXX,40,0.0,1,0,1.0,0,0,0,-9999.0,0.4375,1,P8_CV0,1,2,0,1,1
15,44.222,-122.117,I15_F15_m15f9_P15_Y5_UO7043,S15_F15_m15f10_P15_Y3_UO6405,I9_F9_m-1f-1_P9_Y-1_U417,FXX,40,0.0,1,0,1.0,0,0,0,-9999.0,0.5625,1,P8_CV0,1,2,0,2,0
15,44.222,-122.117,I15_F15_m15f9_P15_Y5_UO6913,S15_F15_m15f16_P15_Y3_UO6389,I9_F9_m-1f-1_P9_Y-1_U417,FXX,40,0.0,1,0,1.0,0,0,0,-9999.0,0.5625,1,P8_CV0,1,2,0,1,1
15,44.222,-122.117,I15_F15_m15f9_P15_Y5_UO7081,S15_F15_m15f10_P15_Y3_UO6140,I9_F9_m-1f-1_P9_Y-1_U417,FXX,40,0.0,1,0,1.0,0,0,0,-9999.0,0.625,1,P8_CV0,1,1,1,1,1
15,44.222,-122.117,I15_F15_m15f9_P15_Y5_UO7003,S15_F15_m15f5_P15_Y3_UO6350,I9_F9_m-1f-1_P9_Y-1_U417,FXX,40,0.0,1,0,1.0,0,0,0,-9999.0,0.5625,1,P8_CV0,1,2,0,1,1
15,44.222,-122.117,I15_F15_m15f2_P15_Y4_UO8123,S15_F15_m15f9_P15_Y2_UO9051,I2_F2_m-1f-1_P2_Y-1_U189,FXX,41,0.0,1,0,1.0,0,0,0,-9999.0,0.75,1,P8_CV0,1,2,0,0,2
15,44.222,-122.117,I15_F15_m15f9_P15_Y5_UO7077,S15_F15_m15f10_P15_Y3_UO6260,I9_F9_m-1f-1_P9_Y-1_U417,FXX,40,0.0,1,0,1.0,0,0,0,-9999.0,0.625,1,P9_CV0,1,1,1,1,1
15,44.222,-122.117,I15_F15_m15f10_P15_Y3_UO6056,S15_F15_m15f13_P15_Y1_UO4455,I10_F10_m-1f-1_P10_Y-1_U212,FXX,42,0.0,1,0,1.0,0,0,0,-9999.0,0.875,1,P9_CV0,1,2,0,1,1
16,43.3976969,-122.6662045,I16_F16_m16f9_P16_Y5_UO7117,I16_F16_m16f7_P16_Y2_UO9253,I9_F9_m-1f-1_P9_Y-1_U417,FXX,40,0.0,1,0,1.0,0,0,0,-9999.0,0.5,1,P0_CV0,1,1,1,1,1
16,43.3976969,-122.6662045,I16_F16_m16f14_P16_Y4_UO8224,S16_F16_m16f7_P16_Y2_UO9337,I14_F14_m-1f-1_P14_Y-1_U380,FXX,41,0.0,1,0,1.0,0,0,0,-9999.0,0.5,1,P14_CV0,1,1,1,1,1
16,43.3976969,-122.6662045,I16_F16_m16f9_P16_Y5_UO7297,I16_F16_m16f2_P16_Y2_UO9543,I9_F9_m-1f-1_P9_Y-1_U417,FXX,40,0.0,1,0,1.0,0,0,0,-9999.0,0.75,1,P15_CV0,1,2,0,0,2
16,43.3976969,-122.6662045,I16_F16_m16f9_P16_Y5_UO7309,I16_F16_m16f1_P16_Y2_UO9442,I9_F9_m-1f-1_P9_Y-1_U417,FXX,40,0.0,1,0,1.0,0,0,0,-9999.0,0.5,1,P15_CV0,1,2,0,2,0
16,43.3976969,-122.6662045,I16_F16_m16f8_P16_Y4_UO8348,S16_F16_m16f1_P16_Y2_UO9440,I8_F8_m-1f-1_P8_Y-1_U191,FXX,41,0.0,1,0,1.0,0,0,0,-9999.0,0.5,1,P15_CV0,1,1,1,0,2
16,43.3976969,-122.6662045,I16_F16_m16f2_P16_Y4_UO8139,S16_F16_m16f8_P16_Y2_UO9251,I2_F2_m-1f-1_P2_Y-1_U189,FXX,41,0.0,1,0,1.0,0,0,0,-9999.0,0.875,1,P1_CV0,1,2,0,1,1
16,43.3976969,-122.6662045,I16_F16_m16f4_P16_Y4_UO8518,I16_F16_m16f7_P16_Y0_UO7200,I4_F4_m-1f-1_P4_Y-1_U247,FXX,41,0.0,1,0,1.0,0,0,0,-9999.0,0.625,1,P3_CV0,1,1,1,1,1
16,43.3976969,-122.6662045,I16_F16_m16f4_P16_Y4_UO8465,S16_F16_m16f6_P16_Y2_UO9266,I4_F4_m-1f-1_P4_Y-1_U247,FXX,41,0.0,1,0,1.0,0,0,0,-9999.0,0.75,1,P3_CV0,1,2,0,2,0
16,43.3976969,-122.6662045,I16_F16_m16f9_P16_Y5_UO7385,S16_F16_m16f7_P16_Y3_UO6732,I9_F9_m-1f-1_P9_Y-1_U417,FXX,40,0.0,1,0,1.0,0,0,0,-9999.0,0.5,1,P6_CV0,1,1,1,1,1
16,43.3976969,-122.6662045,I16_F16_m16f9_P16_Y5_UO7111,S16_F16_m16f1_P16_Y3_UO6426,I9_F9_m-1f-1_P9_Y-1_U417,FXX,40,0.0,1,0,1.0,0,0,0,-9999.0,0.5625,1,P8_CV0,1,2,0,2,0
16,43.3976969,-122.6662045,I16_F16_m16f9_P16_Y5_UO7170,S16_F16_m16f15_P16_Y3_UO6709,I9_F9_m-1f-1_P9_Y-1_U417,FXX,40,0.0,1,0,1.0,0,0,0,-9999.0,0.5,1,P8_CV0,1,1,1,1,1
16,43.3976969,-122.6662045,I16_F16_m16f9_P16_Y5_UO7194,S16_F16_m16f15_P16_Y3_UO6487,I9_F9_m-1f-1_P9_Y-1_U417,FXX,40,0.0,1,0,1.0,0,0,0,-9999.0,0.5,1,P8_CV0,1,1,1,1,1
16,43.3976969,-122.6662045,I16_F16_m16f9_P16_Y5_UO7243,S16_F16_m16f7_P16_Y3_UO6576,I9_F9_m-1f-1_P9_Y-1_U417,FXX,40,0.0,1,0,1.0,0,0,0,-9999.0,0.5625,1,P8_CV0,1,2,0,1,1
16,43.3976969,-122.6662045,I16_F16_m16f9_P16_Y5_UO7246,S16_F16_m16f7_P16_Y3_UO6576,I9_F9_m-1f-1_P9_Y-1_U417,FXX,40,0.0,1,0,1.0,0,0,0,-9999.0,0.5625,1,P8_CV0,1,2,0,2,0
16,43.3976969,-122.6662045,I16_F16_m16f9_P16_Y5_UO7303,I16_F16_m16f4_P16_Y2_UO9559,I9_F9_m-1f-1_P9_Y-1_U417,FXX,40,0.0,1,0,1.0,0,0,0,-9999.0,0.5,1,P8_CV0,1,2,0,1,1
16,43.3976969,-122.6662045,I16_F16_m16f9_P16_Y5_UO7416,S16_F16_m16f7_P16_Y3_UO6731,I9_F9_m-1f-1_P9_Y-1_U417,FXX,40,0.0,1,0,1.0,0,0,0,-9999.0,0.5,1,P8_CV0,1,2,0,0,2
16,43.3976969,-122.6662045,I16_F16_m16f9_P16_Y4_UO8329,S16_F16_m16f3_P16_Y2_UO9548,I9_F9_m-1f-1_P9_Y-1_U417,FXX,41,0.0,1,0,1.0,0,0,0,-9999.0,0.75,1,P8_CV0,1,2,0,0,2
16,43.3976969,-122.6662045,I16_F16_m16f9_P16_Y3_UO6483,S16_F16_m16f1_P16_Y1_UO4490,I9_F9_m-1f-1_P9_Y-1_U417,FXX,42,0.0,1,0,1.0,0,0,0,-9999.0,0.625,1,P8_CV0,1,2,0,1,1
16,43.3976969,-122.6662045,I16_F16_m16f9_P16_Y5_UO7512,I16_F16_m16f10_P16_Y0_UO7051,I9_F9_m-1f-1_P9_Y-1_U417,FXX,40,0.0,1,0,1.0,0,0,0,-9999.0,0.625,1,P9_CV0,1,1,1,1,1
16,43.3976969,-122.6662045,I16_F16_m16f10_P16_Y0_UO7051,R16_F16_m-1f-1_P16_Y-1_U233,R10_F10_m-1f-1_P10_Y-1_U363,FXX,45,0.0,1,0,1.0,0,0,0,-9999.0,0.75,1,P9_CV0,1,2,0,1,1
