Year,K,GrowthRate,N_Initial,PopSizes_Mean,PopSizes_Std,N_Females,N_Males,N_YYMales,N_YYFemales,N_MatureFemales,N_MatureMales,N_MatureYYMales,N_MatureYYFemales,MatureCount,ImmatureCount,EggLayEvents,Births,EggDeaths,MyyProgeny,FyyProgeny,Capture_Back,SelectionDeaths_Emigration,MoveDeaths_Emigration,PNratio_Emi,N_beforePacking_AddAge0s,PackingDeaths_Emigration,YYSelectionPackingDeaths_Emi,WildSelectionPackingDeaths_Emi,N_Emigration,Deaths_EmiMort,N_EmiMortality,Capture_Out,SelectionDeaths_Immigration,MoveDeaths_Immigration,PNratio_Immi,PackingDeaths_Immigration,YYSelectionPackingDeaths_Immi,WildSelectionPackingDeaths_Immi,SelectionDeaths_Age0s_Immigration,N_Immigration,Deaths_ImmiMort,N_ImmiMortality,Alleles,He,Ho,p1,p2,q1,q2,MateDist,MateDist_SD,Female_EmigrationDist,Female_EmigrationDist_SD,Male_EmigrationDist,Male_EmigrationDist_SD,Female_FromHomeDist,Female_FromHomeDist_SD,Male_FromHomeDist,Male_FromHomeDist_SD,Female_StrayerDist,Female_StrayerDist_SD,Male_StrayerDist,Male_StrayerDist_SD,Female_HomeAttemptStrayDist,Female_HomeAttemptStrayDist_SD,Male_HomeAttemptStrayDist,Male_HomeAttemptStrayDist_SD,Infected,Residors,Strayers_1,Strayers_2,Immigrators,ResidentDispersers,ImmigrantDispersers,AA_aa_Mates,AA_AA_Mates,aa_aa_Mates,AA_Aa_Mates,aa_Aa_Mates,Aa_Aa_Mates
0,8000.0|500.0|500.0|500.0|500.0|500.0|500.0|500.0|500.0|500.0|500.0|500.0|500.0|500.0|500.0|500.0|500.0|,0.222875,8000|500|500|500|500|500|500|500|500|500|500|500|500|500|500|500|500|,0.0|0.0|0.0|0.0|0.0|0.0|0.0|0.0|0.0|0.0|0.0|0.0|0.0|0.0|0.0|0.0|,0.0|0.0|0.0|0.0|0.0|0.0|0.0|0.0|0.0|0.0|0.0|0.0|0.0|0.0|0.0|0.0|,3966|246|246|230|247|268|250|248|248|263|243|255|230|258|237|259|238|,4034|254|254|270|253|232|250|252|252|237|257|245|270|242|263|241|262|,0|0|0|0|0|0|0|0|0|0|0|0|0|0|0|0|0|,0|0|0|0|0|0|0|0|0|0|0|0|0|0|0|0|0|,3966|246|246|230|247|268|250|248|248|263|243|255|230|258|237|259|238|,4034|254|254|270|253|232|250|252|252|237|257|245|270|242|263|241|262|,0|0|0|0|0|0|0|0|0|0|0|0|0|0|0|0|0|,0|0|0|0|0|0|0|0|0|0|0|0|0|0|0|0|0|,8000,0,3966,188060|11620|11945|10470|10985|13250|12135|11585|12235|13500|11315|10455|11315|11930|10965|12790|11565|,0|0|0|0|0|0|0|0|0|0|0|0|0|0|0|0|0|,0|0|0|0|0|0|0|0|0|0|0|0|0|0|0|0|0|,0|0|0|0|0|0|0|0|0|0|0|0|0|0|0|0|0|,0|0|0|0|0|0|0|0|0|0|0|0|0|0|0|0|,2565|119|383|138|141|124|133|143|136|108|390|119|122|130|129|124|126|,0|0|0|0|0|0|0|0|0|0|0|0|0|0|0|0|0|,8000.0|500.0|500.0|500.0|500.0|500.0|500.0|500.0|500.0|500.0|500.0|500.0|500.0|500.0|500.0|500.0|500.0|,193495|12001|12062|10832|11344|13626|12502|11942|12599|13892|11425|10836|11693|12300|11336|13166|11939|,0.0|0.0|0.0|0.0|0.0|0.0|0.0|0.0|0.0|0.0|0.0|0.0|0.0|0.0|0.0|0.0|0.0|,0|0|0|0|0|0|0|0|0|0|0|0|0|0|0|0|0|,0|0|0|0|0|0|0|0|0|0|0|0|0|0|0|0|0|,8096|500|500|510|513|508|502|500|500|509|513|515|500|501|519|506|500|,3921|251|242|261|256|236|244|227|256|239|249|262|235|234|239|250|240|,4175|249|258|249|257|272|258|273|244|270|264|253|265|267|280|256|260|,0|0|0|0|0|0|0|0|0|0|0|0|0|0|0|0|,0|0|0|0|0|0|0|0|0|0|0|0|0|0|0|0|0|,0|0|0|0|0|0|0|0|0|0|0|0|0|0|0|0|0|,8000.0|500.0|500.0|500.0|500.0|500.0|500.0|500.0|500.0|500.0|500.0|500.0|500.0|500.0|500.0|500.0|500.0|,0|0|0|0|0|0|0|0|0|0|0|0|0|0|0|0|0|,0|0|0|0|0|0|0|0|0|0|0|0|0|0|0|0|0|,0|0|0|0|0|0|0|0|0|0|0|0|0|0|0|0|0|,0|0|0|0|0|0|0|0|0|0|0|0|0|0|0|0|,4175|249|258|249|257|272|258|273|244|270|264|253|265|267|280|256|260|,2392|142|158|144|147|148|144|167|138|140|166|125|156|155|157|155|150|,1783|107|100|105|110|124|114|106|106|130|98|128|109|112|123|101|110|,4|4|4|4|4|4|4|4|4|4|4|4|4|4|4|4|4|,0.49996924609374993|0.49916800000000006|0.49987800000000004|0.4994160000000001|0.49907100000000004|0.49999499999999997|0.49930300000000005|0.4987109999999999|0.49903|0.497868|0.498718|0.49970400000000004|0.4992700000000001|0.49939|0.49997099999999994|0.49998|0.49989400000000006|,0.4928125|0.478|0.498|0.488|0.491|0.507|0.507|0.483|0.51|0.488|0.502|0.502|0.5|0.468|0.485|0.492|0.486|,0.49575,0.50425,0.4964375,0.5035625,0,0,NA,NA,NA,NA,NA,NA,NA,NA,NA,NA,NA,NA,NA,NA,NA,NA,0,0|0|0|0|0|0|0|0|0|0|0|0|0|0|0|0|,99|99|97|101|114|109|92|95|117|94|109|90|97|113|95|99|,0|0|0|0|0|0|0|0|0|0|0|0|0|0|0|0|,8|1|8|9|10|5|14|11|13|4|19|19|15|10|6|11|,0|0|0|0|0|0|0|0|0|0|0|0|0|0|0|0|,0|0|0|0|0|0|0|0|0|0|0|0|0|0|0|0|,508,246,257,994,980,981,
1,8000.0|500.0|500.0|500.0|500.0|500.0|500.0|500.0|500.0|500.0|500.0|500.0|500.0|500.0|500.0|500.0|500.0|,0.7818283791362871,1783|107|100|105|110|124|114|106|106|130|98|128|109|112|123|101|110|,0.0|0.0|0.0|0.0|0.0|0.0|0.0|0.0|0.0|0.0|0.0|0.0|0.0|0.0|0.0|0.0|,0.0|0.0|0.0|0.0|0.0|0.0|0.0|0.0|0.0|0.0|0.0|0.0|0.0|0.0|0.0|0.0|,1699|101|100|103|104|118|112|100|102|123|96|118|97|104|118|98|105|,84|6|0|2|6|6|2|6|4|7|2|10|12|8|5|3|5|,0|0|0|0|0|0|0|0|0|0|0|0|0|0|0|0|0|,0|0|0|0|0|0|0|0|0|0|0|0|0|0|0|0|0|,1699|101|100|103|104|118|112|100|102|123|96|118|97|104|118|98|105|,84|6|0|2|6|6|2|6|4|7|2|10|12|8|5|3|5|,0|0|0|0|0|0|0|0|0|0|0|0|0|0|0|0|0|,0|0|0|0|0|0|0|0|0|0|0|0|0|0|0|0|0|,1783,0,1699,1185|30|15|90|45|60|45|120|105|90|30|135|105|105|75|45|90|,0|0|0|0|0|0|0|0|0|0|0|0|0|0|0|0|0|,0|0|0|0|0|0|0|0|0|0|0|0|0|0|0|0|0|,0|0|0|0|0|0|0|0|0|0|0|0|0|0|0|0|0|,0|0|0|0|0|0|0|0|0|0|0|0|0|0|0|0|,509|21|69|24|44|25|26|27|30|24|77|32|17|23|27|15|28|,0|0|0|0|0|0|0|0|0|0|0|0|0|0|0|0|0|,15500.0|8000.0|500.0|500.0|500.0|500.0|500.0|500.0|500.0|500.0|500.0|500.0|500.0|500.0|500.0|500.0|500.0|,2459|116|46|171|111|159|133|199|181|196|51|231|197|194|171|131|172|,0|0|0|0|0|0|0|0|0|0|0|0|0|0|0|0|0|,0|0|0|0|0|0|0|0|0|0|0|0|0|0|0|0|0|,0|0|0|0|0|0|0|0|0|0|0|0|0|0|0|0|0|,2459|116|46|171|111|159|133|199|181|196|51|231|197|194|171|131|172|,571|17|7|41|23|34|19|60|57|39|17|64|44|48|40|20|41|,1888|99|39|130|88|125|114|139|124|157|34|167|153|146|131|111|131|,0|0|0|0|0|0|0|0|0|0|0|0|0|0|0|0|,0|0|0|0|0|0|0|0|0|0|0|0|0|0|0|0|0|,0|0|0|0|0|0|0|0|0|0|0|0|0|0|0|0|0|,8000.0|500.0|500.0|500.0|500.0|500.0|500.0|500.0|500.0|500.0|500.0|500.0|500.0|500.0|500.0|500.0|500.0|,0|0|0|0|0|0|0|0|0|0|0|0|0|0|0|0|0|,0|0|0|0|0|0|0|0|0|0|0|0|0|0|0|0|0|,0|0|0|0|0|0|0|0|0|0|0|0|0|0|0|0|0|,0|0|0|0|0|0|0|0|0|0|0|0|0|0|0|0|,1888|99|39|130|88|125|114|139|124|157|34|167|153|146|131|111|131|,494|13|7|32|20|23|20|40|40|39|14|58|52|51|27|20|38|,1394|86|32|98|68|102|94|99|84|118|20|109|101|95|104|91|93|,4|4|4|4|4|4|4|4|4|4|4|4|4|4|4|4|4|,0.49973821116678396|0.4985151541619355|0.49749999999999994|0.4999546485260771|0.4859504132231405|0.4983578303850157|0.49869190520160056|0.4966847632609469|0.49944375222499104|0.4900295857988166|0.5|0.49847412109375|0.4938557360491541|0.4963129783163265|0.4995703615572741|0.49715714145671985|0.49865702479338836|,0.5095344924284914|0.5514018691588785|0.46|0.5333333333333333|0.44545454545454544|0.5443548387096774|0.47368421052631576|0.5801886792452831|0.47641509433962265|0.45384615384615384|0.5306122448979592|0.5|0.5412844036697247|0.48660714285714285|0.5447154471544715|0.5445544554455446|0.4954545454545455|,0.5145821648906338,0.48541783510936626,0.50701065619742,0.4929893438025799,0,0,NA,NA,NA,NA,NA,NA,NA,NA,NA,NA,NA,NA,NA,NA,NA,NA,0,0|0|0|0|0|0|0|0|0|0|0|0|0|0|0|0|,82|32|90|64|96|90|89|78|108|18|95|89|86|97|87|87|,0|0|0|0|0|0|0|0|0|0|0|0|0|0|0|0|,4|0|8|4|6|4|10|6|10|2|14|12|9|7|4|6|,0|0|0|0|0|0|0|0|0|0|0|0|0|0|0|0|,0|0|0|0|0|0|0|0|0|0|0|0|0|0|0|0|,136,146,0,621,271,525,
2,8000.0|500.0|500.0|500.0|500.0|500.0|500.0|500.0|500.0|500.0|500.0|500.0|500.0|500.0|500.0|500.0|500.0|,1.2905308464849354,1394|86|32|98|68|102|94|99|84|118|20|109|101|95|104|91|93|,0.0|0.0|0.0|0.0|0.0|0.0|0.0|0.0|0.0|0.0|0.0|0.0|0.0|0.0|0.0|0.0|,0.0|0.0|0.0|0.0|0.0|0.0|0.0|0.0|0.0|0.0|0.0|0.0|0.0|0.0|0.0|0.0|,1338|83|32|96|64|98|92|94|81|113|19|101|95|90|102|88|90|,56|3|0|2|4|4|2|5|3|5|1|8|6|5|2|3|3|,0|0|0|0|0|0|0|0|0|0|0|0|0|0|0|0|0|,0|0|0|0|0|0|0|0|0|0|0|0|0|0|0|0|0|,1338|83|32|96|64|98|92|94|81|113|19|101|95|90|102|88|90|,56|3|0|2|4|4|2|5|3|5|1|8|6|5|2|3|3|,0|0|0|0|0|0|0|0|0|0|0|0|0|0|0|0|0|,0|0|0|0|0|0|0|0|0|0|0|0|0|0|0|0|0|,1394,0,1338,85390|6175|2320|5610|4480|6830|6350|5035|4925|7275|1215|5770|5690|5580|6555|6095|5485|,0|0|0|0|0|0|0|0|0|0|0|0|0|0|0|0|0|,0|0|0|0|0|0|0|0|0|0|0|0|0|0|0|0|0|,0|0|0|0|0|0|0|0|0|0|0|0|0|0|0|0|0|,0|0|0|0|0|0|0|0|0|0|0|0|0|0|0|0|,18|1|0|2|1|0|2|4|0|3|1|3|0|0|0|0|1|,0|0|0|0|0|0|0|0|0|0|0|0|0|0|0|0|0|,15500.0|8000.0|500.0|500.0|500.0|500.0|500.0|500.0|500.0|500.0|500.0|500.0|500.0|500.0|500.0|500.0|500.0|,86766|6260|2352|5706|4547|6932|6442|5130|5009|7390|1234|5876|5791|5675|6659|6186|5577|,0.0|0|0.0|0.0|0.0|0.0|0.0|0.0|0.0|0.0|0.0|0.0|0.0|0.0|0.0|0.0|0.0|,0|0|0|0|0|0|0|0|0|0|0|0|0|0|0|0|0|,0|0|0|0|0|0|0|0|0|0|0|0|0|0|0|0|0|,13744|6260|500|499|500|500|497|500|500|495|500|500|500|499|500|495|499|,6870|3168|242|255|247|247|245|226|246|240|249|229|258|263|249|245|261|,6874|3092|258|244|253|253|252|274|254|255|251|271|242|236|251|250|238|,0|0|0|0|0|0|0|0|0|0|0|0|0|0|0|0|,0|0|0|0|0|0|0|0|0|0|0|0|0|0|0|0|0|,0|0|0|0|0|0|0|0|0|0|0|0|0|0|0|0|0|,8000.0|500.0|500.0|500.0|500.0|500.0|500.0|500.0|500.0|500.0|500.0|500.0|500.0|500.0|500.0|500.0|500.0|,2592.0|2592.0|0|0|0|0|0|0|0|0|0|0|0|0|0|0|0|,0|0|0|0|0|0|0|0|0|0|0|0|0|0|0|0|0|,0|0|0|0|0|0|0|0|0|0|0|0|0|0|0|0|0|,0|0|0|0|0|0|0|0|0|0|0|0|0|0|0|0|,4282|500|258|244|253|253|252|274|254|255|251|271|242|236|251|250|238|,2483|273|156|147|149|149|157|160|147|146|145|168|132|145|137|139|133|,1799|227|102|97|104|104|95|114|107|109|106|103|110|91|114|111|105|,4|4|3|4|4|4|4|4|4|4|4|4|4|4|4|4|4|,0.46847719474114313|0.4859383450513791|0.249755859375|0.4707153269471053|0.48350994809688574|0.47284698193002683|0.4662743322770484|0.48750127538006327|0.4658092403628118|0.4532821028440104|0.27437500000000004|0.46589091827287266|0.45431820409763746|0.4656232686980609|0.4748058431952662|0.47605965463108313|0.46805989131691517|,0.556312769010043|0.6162790697674418|0.203125|0.5561224489795918|0.5808823529411765|0.6176470588235294|0.5425531914893617|0.6161616161616161|0.5297619047619048|0.5169491525423728|0.275|0.536697247706422|0.5445544554455446|0.5631578947368421|0.6153846153846154|0.5879120879120879|0.553763440860215|,0.6775466284074605,0.32245337159253945,0.5,0.5,0,0,NA,NA,NA,NA,NA,NA,NA,NA,NA,NA,NA,NA,NA,NA,NA,NA,0,0|0|0|0|0|0|0|0|0|0|0|0|0|0|0|0|,218|99|92|100|98|87|109|103|107|100|96|107|84|108|103|99|,0|0|0|0|0|0|0|0|0|0|0|0|0|0|0|0|,9|3|5|4|6|8|5|4|2|6|7|3|7|6|8|6|,0|0|0|0|0|0|0|0|0|0|0|0|0|0|0|0|,0|0|0|0|0|0|0|0|0|0|0|0|0|0|0|0|,2,143,0,575,15,603,
3,8000.0|500.0|500.0|500.0|500.0|500.0|500.0|500.0|500.0|500.0|500.0|500.0|500.0|500.0|500.0|500.0|500.0|,1.1006114508060034,1799|227|102|97|104|104|95|114|107|109|106|103|110|91|114|111|105|,0.0|0.0|0.0|0.0|0.0|0.0|0.0|0.0|0.0|0.0|0.0|0.0|0.0|0.0|0.0|0.0|,0.0|0.0|0.0|0.0|0.0|0.0|0.0|0.0|0.0|0.0|0.0|0.0|0.0|0.0|0.0|0.0|,1797|226|102|97|104|104|95|113|107|109|106|103|110|91|114|111|105|,2|1|0|0|0|0|0|1|0|0|0|0|0|0|0|0|0|,0|0|0|0|0|0|0|0|0|0|0|0|0|0|0|0|0|,0|0|0|0|0|0|0|0|0|0|0|0|0|0|0|0|0|,1797|226|102|97|104|104|95|113|107|109|106|103|110|91|114|111|105|,2|1|0|0|0|0|0|1|0|0|0|0|0|0|0|0|0|,0|0|0|0|0|0|0|0|0|0|0|0|0|0|0|0|0|,0|0|0|0|0|0|0|0|0|0|0|0|0|0|0|0|0|,1799,0,1797,2825|360|205|75|60|330|120|140|60|30|250|105|285|185|250|200|170|,0|0|0|0|0|0|0|0|0|0|0|0|0|0|0|0|0|,0|0|0|0|0|0|0|0|0|0|0|0|0|0|0|0|0|,0|0|0|0|0|0|0|0|0|0|0|0|0|0|0|0|0|,0|0|0|0|0|0|0|0|0|0|0|0|0|0|0|0|,287|27|29|10|11|12|18|22|22|18|43|9|12|10|16|16|12|,0|0|0|0|0|0|0|0|0|0|0|0|0|0|0|0|0|,15500.0|8000.0|500.0|500.0|500.0|500.0|500.0|500.0|500.0|500.0|500.0|500.0|500.0|500.0|500.0|500.0|500.0|,4337|560|278|162|153|422|197|232|145|121|313|199|383|266|348|295|263|,0|0|0|0|0|0|0|0|0|0|0|0|0|0|0|0|0|,0|0|0|0|0|0|0|0|0|0|0|0|0|0|0|0|0|,0|0|0|0|0|0|0|0|0|0|0|0|0|0|0|0|0|,4337|560|278|162|153|422|197|232|145|121|313|199|383|266|348|295|263|,1456|184|103|45|29|167|56|77|25|15|124|54|153|105|124|114|81|,2881|376|175|117|124|255|141|155|120|106|189|145|230|161|224|181|182|,0|0|0|0|0|0|0|0|0|0|0|0|0|0|0|0|,0|0|0|0|0|0|0|0|0|0|0|0|0|0|0|0|0|,0|0|0|0|0|0|0|0|0|0|0|0|0|0|0|0|0|,8000.0|500.0|500.0|500.0|500.0|500.0|500.0|500.0|500.0|500.0|500.0|500.0|500.0|500.0|500.0|500.0|500.0|,0|0|0|0|0|0|0|0|0|0|0|0|0|0|0|0|0|,0|0|0|0|0|0|0|0|0|0|0|0|0|0|0|0|0|,0|0|0|0|0|0|0|0|0|0|0|0|0|0|0|0|0|,0|0|0|0|0|0|0|0|0|0|0|0|0|0|0|0|,2881|376|175|117|124|255|141|155|120|106|189|145|230|161|224|181|182|,901|122|60|27|20|118|34|45|28|14|77|36|81|46|86|56|51|,1980|254|115|90|104|137|107|110|92|92|112|109|149|115|138|125|131|,4|4|4|4|4|4|4|4|4|4|4|4|4|4|4|4|4|,0.4722598497528583|0.4762997535368434|0.3710832372164552|0.47295142948241053|0.46604567307692313|0.48150887573964496|0.4897506925207755|0.49351723607263775|0.4865272076163858|0.4746443902028449|0.4105998576005696|0.45004241681591106|0.46270661157024795|0.47439922714647986|0.4814558325638658|0.4755498741985228|0.47303854875283446|,0.4744302390216787|0.5044052863436124|0.35784313725490197|0.5051546391752577|0.4375|0.5096153846153846|0.45263157894736844|0.5307017543859649|0.4719626168224299|0.463302752293578|0.42452830188679247|0.46601941747572817|0.4954545454545455|0.4835164835164835|0.4824561403508772|0.45495495495495497|0.5095238095238095|,0.6645358532518065,0.3354641467481934,0.5258476931628683,0.4741523068371317,0,0,NA,NA,NA,NA,NA,NA,NA,NA,NA,NA,NA,NA,NA,NA,NA,NA,0,0|0|0|0|0|0|0|0|0|0|0|0|0|0|0|0|,242|111|87|100|130|100|107|89|90|106|104|143|108|132|116|126|,0|0|0|0|0|0|0|0|0|0|0|0|0|0|0|0|,12|4|3|4|7|7|3|3|2|6|5|6|7|6|9|5|,0|0|0|0|0|0|0|0|0|0|0|0|0|0|0|0|,0|0|0|0|0|0|0|0|0|0|0|0|0|0|0|0|,106,400,0,806,109,376,
4,8000.0|500.0|500.0|500.0|500.0|500.0|500.0|500.0|500.0|500.0|500.0|500.0|500.0|500.0|500.0|500.0|500.0|,0.9126262626262627,1980|254|115|90|104|137|107|110|92|92|112|109|149|115|138|125|131|,0.0|0.0|0.0|0.0|0.0|0.0|0.0|0.0|0.0|0.0|0.0|0.0|0.0|0.0|0.0|0.0|,0.0|0.0|0.0|0.0|0.0|0.0|0.0|0.0|0.0|0.0|0.0|0.0|0.0|0.0|0.0|0.0|,1978|253|115|90|104|137|107|109|92|92|112|109|149|115|138|125|131|,2|1|0|0|0|0|0|1|0|0|0|0|0|0|0|0|0|,0|0|0|0|0|0|0|0|0|0|0|0|0|0|0|0|0|,0|0|0|0|0|0|0|0|0|0|0|0|0|0|0|0|0|,1978|253|115|90|104|137|107|109|92|92|112|109|149|115|138|125|131|,2|1|0|0|0|0|0|1|0|0|0|0|0|0|0|0|0|,0|0|0|0|0|0|0|0|0|0|0|0|0|0|0|0|0|,0|0|0|0|0|0|0|0|0|0|0|0|0|0|0|0|0|,1980,0,1978,108905|14485|5420|6205|7100|6265|5545|6750|6125|6750|4170|6635|7130|5705|7130|6695|6795|,0|0|0|0|0|0|0|0|0|0|0|0|0|0|0|0|0|,0|0|0|0|0|0|0|0|0|0|0|0|0|0|0|0|0|,0|0|0|0|0|0|0|0|0|0|0|0|0|0|0|0|0|,0|0|0|0|0|0|0|0|0|0|0|0|0|0|0|0|,64|9|8|2|3|2|2|0|2|0|21|0|2|2|1|8|2|,0|0|0|0|0|0|0|0|0|0|0|0|0|0|0|0|0|,15500.0|8000.0|500.0|500.0|500.0|500.0|500.0|500.0|500.0|500.0|500.0|500.0|500.0|500.0|500.0|500.0|500.0|,110821|14730|5527|6293|7201|6400|5650|6860|6215|6842|4261|6744|7277|5818|7267|6812|6924|,0.0|0.0|0.0|0.0|0.0|0.0|0.0|0.0|0.0|0.0|0.0|0.0|0.0|0.0|0.0|0.0|0.0|,0|0|0|0|0|0|0|0|0|0|0|0|0|0|0|0|0|,0|0|0|0|0|0|0|0|0|0|0|0|0|0|0|0|0|,15466|7983|496|495|504|497|499|500|491|500|498|500|511|500|491|500|501|,7500|3898|240|246|242|233|255|250|231|227|243|239|244|227|250|233|242|,7966|4085|256|249|262|264|244|250|260|273|255|261|267|273|241|267|259|,0|0|0|0|0|0|0|0|0|0|0|0|0|0|0|0|,0|0|0|0|0|0|0|0|0|0|0|0|0|0|0|0|0|,0|0|0|0|0|0|0|0|0|0|0|0|0|0|0|0|0|,8000.0|500.0|500.0|500.0|500.0|500.0|500.0|500.0|500.0|500.0|500.0|500.0|500.0|500.0|500.0|500.0|500.0|,3585.0|3585.0|0|0|0|0|0|0|0|0|0|0|0|0|0|0|0|,0|0|0|0|0|0|0|0|0|0|0|0|0|0|0|0|0|,0|0|0|0|0|0|0|0|0|0|0|0|0|0|0|0|0|,0|0|0|0|0|0|0|0|0|0|0|0|0|0|0|0|,4381|500|256|249|262|264|244|250|260|273|255|261|267|273|241|267|259|,2574|279|151|139|161|162|147|135|155|163|146|150|171|153|153|151|158|,1807|221|105|110|101|102|97|115|105|110|109|111|96|120|88|116|101|,4|4|4|4|4|4|4|4|4|4|4|4|4|4|4|4|4|,0.43010585654525046|0.45036502573005144|0.28310018903591694|0.4444135802469136|0.4332008136094675|0.4582289946187863|0.43368416455585646|0.4483264462809917|0.4512937145557656|0.4087606332703213|0.3269889987244897|0.40545829475633366|0.4160736002882752|0.43684310018903594|0.420119197647553|0.458704|0.4356098129479634|,0.48282828282828283|0.5098425196850394|0.30434782608695654|0.5055555555555555|0.4519230769230769|0.5912408759124088|0.4532710280373832|0.5590909090909091|0.5163043478260869|0.47282608695652173|0.3705357142857143|0.463302752293578|0.5|0.4826086956521739|0.4746376811594203|0.492|0.5190839694656488|,0.7611111111111111,0.2388888888888889,0.5414141414141415,0.4585858585858586,0,0,NA,NA,NA,NA,NA,NA,NA,NA,NA,NA,NA,NA,NA,NA,NA,NA,0,0|0|0|0|0|0|0|0|0|0|0|0|0|0|0|0|,210|102|103|97|97|92|110|104|103|98|105|92|119|80|109|95|,0|0|0|0|0|0|0|0|0|0|0|0|0|0|0|0|,11|3|7|4|5|5|5|1|7|11|6|4|1|8|7|6|,0|0|0|0|0|0|0|0|0|0|0|0|0|0|0|0|,0|0|0|0|0|0|0|0|0|0|0|0|0|0|0|0|,14,536,0,953,21,454,
5,8000.0|500.0|500.0|500.0|500.0|500.0|500.0|500.0|500.0|500.0|500.0|500.0|500.0|500.0|500.0|500.0|500.0|,1.2523519645821803,1807|221|105|110|101|102|97|115|105|110|109|111|96|120|88|116|101|,0.0|0.0|0.0|0.0|0.0|0.0|0.0|0.0|0.0|0.0|0.0|0.0|0.0|0.0|0.0|0.0|,0.0|0.0|0.0|0.0|0.0|0.0|0.0|0.0|0.0|0.0|0.0|0.0|0.0|0.0|0.0|0.0|,1806|220|105|110|101|102|97|115|105|110|109|111|96|120|88|116|101|,1|1|0|0|0|0|0|0|0|0|0|0|0|0|0|0|0|,0|0|0|0|0|0|0|0|0|0|0|0|0|0|0|0|0|,0|0|0|0|0|0|0|0|0|0|0|0|0|0|0|0|0|,1806|220|105|110|101|102|97|115|105|110|109|111|96|120|88|116|101|,1|1|0|0|0|0|0|0|0|0|0|0|0|0|0|0|0|,0|0|0|0|0|0|0|0|0|0|0|0|0|0|0|0|0|,0|0|0|0|0|0|0|0|0|0|0|0|0|0|0|0|0|,1807,0,1806,3670|390|125|105|60|555|155|235|15|265|485|170|140|175|360|185|250|,0|0|0|0|0|0|0|0|0|0|0|0|0|0|0|0|0|,0|0|0|0|0|0|0|0|0|0|0|0|0|0|0|0|0|,0|0|0|0|0|0|0|0|0|0|0|0|0|0|0|0|0|,0|0|0|0|0|0|0|0|0|0|0|0|0|0|0|0|,153|9|29|8|6|12|7|7|5|7|22|3|6|7|8|7|10|,0|0|0|0|0|0|0|0|0|0|0|0|0|0|0|0|0|,15500.0|8000.0|500.0|500.0|500.0|500.0|500.0|500.0|500.0|500.0|500.0|500.0|500.0|500.0|500.0|500.0|500.0|,5324|602|201|207|155|645|245|343|115|368|572|278|230|288|440|294|341|,0.0|0|0|0|0|0.0|0|0|0|0|0.0|0|0|0|0|0|0|,0|0|0|0|0|0|0|0|0|0|0|0|0|0|0|0|0|,0|0|0|0|0|0|0|0|0|0|0|0|0|0|0|0|0|,5107|602|201|207|155|500|245|343|115|368|500|278|230|288|440|294|341|,1708|205|74|57|23|194|71|118|4|122|200|72|75|86|186|92|129|,3399|397|127|150|132|306|174|225|111|246|300|206|155|202|254|202|212|,0|0|0|0|0|0|0|0|0|0|0|0|0|0|0|0|,0|0|0|0|0|0|0|0|0|0|0|0|0|0|0|0|0|,0|0|0|0|0|0|0|0|0|0|0|0|0|0|0|0|0|,8000.0|500.0|500.0|500.0|500.0|500.0|500.0|500.0|500.0|500.0|500.0|500.0|500.0|500.0|500.0|500.0|500.0|,0|0|0|0|0|0|0|0|0|0|0|0|0|0|0|0|0|,0|0|0|0|0|0|0|0|0|0|0|0|0|0|0|0|0|,0|0|0|0|0|0|0|0|0|0|0|0|0|0|0|0|0|,0|0|0|0|0|0|0|0|0|0|0|0|0|0|0|0|,3399|397|127|150|132|306|174|225|111|246|300|206|155|202|254|202|212|,1136|123|31|34|30|130|64|87|11|90|140|59|40|60|110|55|72|,2263|274|96|116|102|176|110|138|100|156|160|147|115|142|144|147|140|,4|4|4|4|4|4|4|4|4|4|4|4|4|4|4|4|4|,0.4135023852698523|0.4054482913945252|0.32709750566893414|0.4357644628099173|0.4085873933928047|0.44761630142252984|0.43089063662450855|0.43610586011342156|0.4018367346938775|0.4303719008264464|0.3191860954465112|0.3951992533073614|0.42116970486111116|0.4094965277777778|0.4369189049586777|0.4118423008323424|0.43635427899225576|,0.42363032650802435|0.4298642533936652|0.3380952380952381|0.4590909090909091|0.4158415841584158|0.4411764705882353|0.42783505154639173|0.4608695652173913|0.44285714285714284|0.41818181818181815|0.37155963302752293|0.4369369369369369|0.4791666666666667|0.37916666666666665|0.4431818181818182|0.4353448275862069|0.400990099009901|,0.7578859988931932,0.24211400110680686,0.6413945766463752,0.3586054233536248,0,0,NA,NA,NA,NA,NA,NA,NA,NA,NA,NA,NA,NA,NA,NA,NA,NA,0,0|0|0|0|0|0|0|0|0|0|0|0|0|0|0|0|,265|92|110|100|168|105|132|99|150|152|143|111|140|133|142|133|,0|0|0|0|0|0|0|0|0|0|0|0|0|0|0|0|,9|4|6|2|8|5|6|1|6|8|4|4|2|11|5|7|,0|0|0|0|0|0|0|0|0|0|0|0|0|0|0|0|,0|0|0|0|0|0|0|0|0|0|0|0|0|0|0|0|,0,0,0,1034,102,670,
6,8000.0|500.0|500.0|500.0|500.0|500.0|500.0|500.0|500.0|500.0|500.0|500.0|500.0|500.0|500.0|500.0|500.0|,0.8024745912505523,2263|274|96|116|102|176|110|138|100|156|160|147|115|142|144|147|140|,0.0|0.0|0.0|0.0|0.0|0.0|0.0|0.0|0.0|0.0|0.0|0.0|0.0|0.0|0.0|0.0|,0.0|0.0|0.0|0.0|0.0|0.0|0.0|0.0|0.0|0.0|0.0|0.0|0.0|0.0|0.0|0.0|,2263|274|96|116|102|176|110|138|100|156|160|147|115|142|144|147|140|,0|0|0|0|0|0|0|0|0|0|0|0|0|0|0|0|0|,0|0|0|0|0|0|0|0|0|0|0|0|0|0|0|0|0|,0|0|0|0|0|0|0|0|0|0|0|0|0|0|0|0|0|,2263|274|96|116|102|176|110|138|100|156|160|147|115|142|144|147|140|,0|0|0|0|0|0|0|0|0|0|0|0|0|0|0|0|0|,0|0|0|0|0|0|0|0|0|0|0|0|0|0|0|0|0|,0|0|0|0|0|0|0|0|0|0|0|0|0|0|0|0|0|,2263,0,0,0|0|0|0|0|0|0|0|0|0|0|0|0|0|0|0|0|,0|0|0|0|0|0|0|0|0|0|0|0|0|0|0|0|0|,0|0|0|0|0|0|0|0|0|0|0|0|0|0|0|0|0|,0|0|0|0|0|0|0|0|0|0|0|0|0|0|0|0|0|,0|0|0|0|0|0|0|0|0|0|0|0|0|0|0|0|,112|7|9|6|1|8|3|5|0|1|47|0|2|0|7|9|7|,0|0|0|0|0|0|0|0|0|0|0|0|0|0|0|0|0|,15500.0|8000.0|500.0|500.0|500.0|500.0|500.0|500.0|500.0|500.0|500.0|500.0|500.0|500.0|500.0|500.0|500.0|,2151|267|87|110|101|168|107|133|100|155|113|147|113|142|137|138|133|,0|0|0|0|0|0|0|0|0|0|0|0|0|0|0|0|0|,0|0|0|0|0|0|0|0|0|0|0|0|0|0|0|0|0|,0|0|0|0|0|0|0|0|0|0|0|0|0|0|0|0|0|,2151|267|87|110|101|168|107|133|100|155|113|147|113|142|137|138|133|,0|0|0|0|0|0|0|0|0|0|0|0|0|0|0|0|0|,2151|267|87|110|101|168|107|133|100|155|113|147|113|142|137|138|133|,0|0|0|0|0|0|0|0|0|0|0|0|0|0|0|0|,0|0|0|0|0|0|0|0|0|0|0|0|0|0|0|0|0|,0|0|0|0|0|0|0|0|0|0|0|0|0|0|0|0|0|,8000.0|500.0|500.0|500.0|500.0|500.0|500.0|500.0|500.0|500.0|500.0|500.0|500.0|500.0|500.0|500.0|500.0|,0|0|0|0|0|0|0|0|0|0|0|0|0|0|0|0|0|,0|0|0|0|0|0|0|0|0|0|0|0|0|0|0|0|0|,0|0|0|0|0|0|0|0|0|0|0|0|0|0|0|0|0|,0|0|0|0|0|0|0|0|0|0|0|0|0|0|0|0|,2151|267|87|110|101|168|107|133|100|155|113|147|113|142|137|138|133|,335|45|20|19|13|17|16|24|29|19|17|26|18|19|17|15|21|,1816|222|67|91|88|151|91|109|71|136|96|121|95|123|120|123|112|,4|4|4|4|4|4|4|4|4|4|4|4|4|4|4|4|4|,0.3979974591738723|0.3855426501145506|0.27772352430555547|0.43263228299643297|0.375985198000769|0.4206482438016529|0.39700413223140496|0.4139755303507666|0.38749999999999984|0.41346153846153855|0.34014648437499995|0.3775394511546114|0.39926275992438576|0.3740205316405475|0.40262104552469136|0.42028784302836764|0.43218112244897955|,0.44874060980998676|0.4233576642335766|0.3125|0.49137931034482757|0.4166666666666667|0.5113636363636364|0.42272727272727273|0.4528985507246377|0.46|0.5256410256410257|0.415625|0.445578231292517|0.4826086956521739|0.38380281690140844|0.4409722222222222|0.47619047619047616|0.48214285714285715|,0.7688908528501989,0.23110914714980116,0.6723376049491825,0.3276623950508175,0,0,NA,NA,NA,NA,NA,NA,NA,NA,NA,NA,NA,NA,NA,NA,NA,NA,0,0|0|0|0|0|0|0|0|0|0|0|0|0|0|0|0|,66|11|17|11|94|26|32|5|56|39|42|23|31|55|37|43|,0|0|0|0|0|0|0|0|0|0|0|0|0|0|0|0|,156|56|74|77|57|65|77|66|80|57|79|72|92|65|86|69|,0|0|0|0|0|0|0|0|0|0|0|0|0|0|0|0|,0|0|0|0|0|0|0|0|0|0|0|0|0|0|0|0|,0,0,0,0,0,0,
7,8000.0|500.0|500.0|500.0|500.0|500.0|500.0|500.0|500.0|500.0|500.0|500.0|500.0|500.0|500.0|500.0|500.0|,0.7924008810572687,1816|222|67|91|88|151|91|109|71|136|96|121|95|123|120|123|112|,0.0|0.0|0.0|0.0|0.0|0.0|0.0|0.0|0.0|0.0|0.0|0.0|0.0|0.0|0.0|0.0|,0.0|0.0|0.0|0.0|0.0|0.0|0.0|0.0|0.0|0.0|0.0|0.0|0.0|0.0|0.0|0.0|,1816|222|67|91|88|151|91|109|71|136|96|121|95|123|120|123|112|,0|0|0|0|0|0|0|0|0|0|0|0|0|0|0|0|0|,0|0|0|0|0|0|0|0|0|0|0|0|0|0|0|0|0|,0|0|0|0|0|0|0|0|0|0|0|0|0|0|0|0|0|,1816|222|67|91|88|151|91|109|71|136|96|121|95|123|120|123|112|,0|0|0|0|0|0|0|0|0|0|0|0|0|0|0|0|0|,0|0|0|0|0|0|0|0|0|0|0|0|0|0|0|0|0|,0|0|0|0|0|0|0|0|0|0|0|0|0|0|0|0|0|,1816,0,0,0|0|0|0|0|0|0|0|0|0|0|0|0|0|0|0|0|,0|0|0|0|0|0|0|0|0|0|0|0|0|0|0|0|0|,0|0|0|0|0|0|0|0|0|0|0|0|0|0|0|0|0|,0|0|0|0|0|0|0|0|0|0|0|0|0|0|0|0|0|,0|0|0|0|0|0|0|0|0|0|0|0|0|0|0|0|,0|0|0|0|0|0|0|0|0|0|0|0|0|0|0|0|0|,0|0|0|0|0|0|0|0|0|0|0|0|0|0|0|0|0|,15500.0|8000.0|500.0|500.0|500.0|500.0|500.0|500.0|500.0|500.0|500.0|500.0|500.0|500.0|500.0|500.0|500.0|,1816|222|67|91|88|151|91|109|71|136|96|121|95|123|120|123|112|,0|0|0|0|0|0|0|0|0|0|0|0|0|0|0|0|0|,0|0|0|0|0|0|0|0|0|0|0|0|0|0|0|0|0|,0|0|0|0|0|0|0|0|0|0|0|0|0|0|0|0|0|,1816|222|67|91|88|151|91|109|71|136|96|121|95|123|120|123|112|,0|0|0|0|0|0|0|0|0|0|0|0|0|0|0|0|0|,1816|222|67|91|88|151|91|109|71|136|96|121|95|123|120|123|112|,0|0|0|0|0|0|0|0|0|0|0|0|0|0|0|0|,0|0|0|0|0|0|0|0|0|0|0|0|0|0|0|0|0|,0|0|0|0|0|0|0|0|0|0|0|0|0|0|0|0|0|,8000.0|500.0|500.0|500.0|500.0|500.0|500.0|500.0|500.0|500.0|500.0|500.0|500.0|500.0|500.0|500.0|500.0|,0|0|0|0|0|0|0|0|0|0|0|0|0|0|0|0|0|,0|0|0|0|0|0|0|0|0|0|0|0|0|0|0|0|0|,0|0|0|0|0|0|0|0|0|0|0|0|0|0|0|0|0|,0|0|0|0|0|0|0|0|0|0|0|0|0|0|0|0|,1816|222|67|91|88|151|91|109|71|136|96|121|95|123|120|123|112|,377|54|17|21|22|25|19|20|14|20|18|27|23|24|23|31|19|,1439|168|50|70|66|126|72|89|57|116|78|94|72|99|97|92|93|,4|4|3|4|4|4|4|4|4|4|3|4|4|4|4|4|4|,0.38505062076694685|0.37555291778264754|0.21792158609935397|0.4247373505615264|0.37267561983471076|0.4044559449146967|0.39913657770800626|0.3934222708526218|0.39476294386034505|0.4064662629757786|0.2255859375|0.3830339457687316|0.40637119113573406|0.3737193469495671|0.3854861111111111|0.3974651331879173|0.4029815051020408|,0.4526431718061674|0.43018018018018017|0.27611940298507465|0.510989010989011|0.42045454545454547|0.5298013245033113|0.44505494505494503|0.463302752293578|0.4507042253521127|0.5367647058823529|0.28125|0.4628099173553719|0.5157894736842106|0.36585365853658536|0.45|0.5|0.5|,0.7921255506607929,0.20787444933920704,0.6720814977973568,0.3279185022026432,0,0,NA,NA,NA,NA,NA,NA,NA,NA,NA,NA,NA,NA,NA,NA,NA,NA,0,0|0|0|0|0|0|0|0|0|0|0|0|0|0|0|0|,0|0|0|0|0|0|0|0|0|0|0|0|0|0|0|0|,0|0|0|0|0|0|0|0|0|0|0|0|0|0|0|0|,168|50|70|66|126|72|89|57|116|78|94|72|99|97|92|93|,0|0|0|0|0|0|0|0|0|0|0|0|0|0|0|0|,0|0|0|0|0|0|0|0|0|0|0|0|0|0|0|0|,0,0,0,0,0,0,
8,8000.0|500.0|500.0|500.0|500.0|500.0|500.0|500.0|500.0|500.0|500.0|500.0|500.0|500.0|500.0|500.0|500.0|,0.8262682418346073,1439|168|50|70|66|126|72|89|57|116|78|94|72|99|97|92|93|,0.0|0.0|0.0|0.0|0.0|0.0|0.0|0.0|0.0|0.0|0.0|0.0|0.0|0.0|0.0|0.0|,0.0|0.0|0.0|0.0|0.0|0.0|0.0|0.0|0.0|0.0|0.0|0.0|0.0|0.0|0.0|0.0|,1439|168|50|70|66|126|72|89|57|116|78|94|72|99|97|92|93|,0|0|0|0|0|0|0|0|0|0|0|0|0|0|0|0|0|,0|0|0|0|0|0|0|0|0|0|0|0|0|0|0|0|0|,0|0|0|0|0|0|0|0|0|0|0|0|0|0|0|0|0|,1439|168|50|70|66|126|72|89|57|116|78|94|72|99|97|92|93|,0|0|0|0|0|0|0|0|0|0|0|0|0|0|0|0|0|,0|0|0|0|0|0|0|0|0|0|0|0|0|0|0|0|0|,0|0|0|0|0|0|0|0|0|0|0|0|0|0|0|0|0|,1439,0,0,0|0|0|0|0|0|0|0|0|0|0|0|0|0|0|0|0|,0|0|0|0|0|0|0|0|0|0|0|0|0|0|0|0|0|,0|0|0|0|0|0|0|0|0|0|0|0|0|0|0|0|0|,0|0|0|0|0|0|0|0|0|0|0|0|0|0|0|0|0|,0|0|0|0|0|0|0|0|0|0|0|0|0|0|0|0|,0|0|0|0|0|0|0|0|0|0|0|0|0|0|0|0|0|,0|0|0|0|0|0|0|0|0|0|0|0|0|0|0|0|0|,15500.0|8000.0|500.0|500.0|500.0|500.0|500.0|500.0|500.0|500.0|500.0|500.0|500.0|500.0|500.0|500.0|500.0|,1439|168|50|70|66|126|72|89|57|116|78|94|72|99|97|92|93|,0|0|0|0|0|0|0|0|0|0|0|0|0|0|0|0|0|,0|0|0|0|0|0|0|0|0|0|0|0|0|0|0|0|0|,0|0|0|0|0|0|0|0|0|0|0|0|0|0|0|0|0|,1439|168|50|70|66|126|72|89|57|116|78|94|72|99|97|92|93|,0|0|0|0|0|0|0|0|0|0|0|0|0|0|0|0|0|,1439|168|50|70|66|126|72|89|57|116|78|94|72|99|97|92|93|,0|0|0|0|0|0|0|0|0|0|0|0|0|0|0|0|,0|0|0|0|0|0|0|0|0|0|0|0|0|0|0|0|0|,0|0|0|0|0|0|0|0|0|0|0|0|0|0|0|0|0|,8000.0|500.0|500.0|500.0|500.0|500.0|500.0|500.0|500.0|500.0|500.0|500.0|500.0|500.0|500.0|500.0|500.0|,0|0|0|0|0|0|0|0|0|0|0|0|0|0|0|0|0|,0|0|0|0|0|0|0|0|0|0|0|0|0|0|0|0|0|,0|0|0|0|0|0|0|0|0|0|0|0|0|0|0|0|0|,0|0|0|0|0|0|0|0|0|0|0|0|0|0|0|0|,1439|168|50|70|66|126|72|89|57|116|78|94|72|99|97|92|93|,250|27|9|13|13|29|13|10|6|16|20|12|17|15|15|23|12|,1189|141|41|57|53|97|59|79|51|100|58|82|55|84|82|69|81|,4|4|3|4|4|4|4|4|4|4|3|4|4|4|4|4|4|,0.3818989859087727|0.3664523100907029|0.2175999999999999|0.414030612244898|0.3860766758494032|0.4046989166036785|0.400366512345679|0.39190127509152894|0.3715758694983071|0.40322161117717004|0.21778435239973692|0.37910253508374836|0.3980999228395061|0.3706254463830221|0.3880858752258475|0.3765063799621927|0.4007399699387213|,0.4534398888116748|0.4255952380952381|0.26|0.5071428571428571|0.44696969696969696|0.5555555555555556|0.4722222222222222|0.4438202247191011|0.4298245614035088|0.5474137931034483|0.2692307692307692|0.4734042553191489|0.5069444444444444|0.36363636363636365|0.4536082474226804|0.47282608695652173|0.4946236559139785|,0.7956914523974983,0.20430854760250175,0.6751216122307158,0.32487838776928424,0,0,NA,NA,NA,NA,NA,NA,NA,NA,NA,NA,NA,NA,NA,NA,NA,NA,0,0|0|0|0|0|0|0|0|0|0|0|0|0|0|0|0|,0|0|0|0|0|0|0|0|0|0|0|0|0|0|0|0|,0|0|0|0|0|0|0|0|0|0|0|0|0|0|0|0|,141|41|57|53|97|59|79|51|100|58|82|55|84|82|69|81|,0|0|0|0|0|0|0|0|0|0|0|0|0|0|0|0|,0|0|0|0|0|0|0|0|0|0|0|0|0|0|0|0|,0,0,0,0,0,0,
9,8000.0|500.0|500.0|500.0|500.0|500.0|500.0|500.0|500.0|500.0|500.0|500.0|500.0|500.0|500.0|500.0|500.0|,0.5374264087468461,1189|141|41|57|53|97|59|79|51|100|58|82|55|84|82|69|81|,0.0|0.0|0.0|0.0|0.0|0.0|0.0|0.0|0.0|0.0|0.0|0.0|0.0|0.0|0.0|0.0|,0.0|0.0|0.0|0.0|0.0|0.0|0.0|0.0|0.0|0.0|0.0|0.0|0.0|0.0|0.0|0.0|,1189|141|41|57|53|97|59|79|51|100|58|82|55|84|82|69|81|,0|0|0|0|0|0|0|0|0|0|0|0|0|0|0|0|0|,0|0|0|0|0|0|0|0|0|0|0|0|0|0|0|0|0|,0|0|0|0|0|0|0|0|0|0|0|0|0|0|0|0|0|,1189|141|41|57|53|97|59|79|51|100|58|82|55|84|82|69|81|,0|0|0|0|0|0|0|0|0|0|0|0|0|0|0|0|0|,0|0|0|0|0|0|0|0|0|0|0|0|0|0|0|0|0|,0|0|0|0|0|0|0|0|0|0|0|0|0|0|0|0|0|,1189,0,0,0|0|0|0|0|0|0|0|0|0|0|0|0|0|0|0|0|,0|0|0|0|0|0|0|0|0|0|0|0|0|0|0|0|0|,0|0|0|0|0|0|0|0|0|0|0|0|0|0|0|0|0|,0|0|0|0|0|0|0|0|0|0|0|0|0|0|0|0|0|,0|0|0|0|0|0|0|0|0|0|0|0|0|0|0|0|,0|0|0|0|0|0|0|0|0|0|0|0|0|0|0|0|0|,0|0|0|0|0|0|0|0|0|0|0|0|0|0|0|0|0|,15500.0|8000.0|500.0|500.0|500.0|500.0|500.0|500.0|500.0|500.0|500.0|500.0|500.0|500.0|500.0|500.0|500.0|,1189|141|41|57|53|97|59|79|51|100|58|82|55|84|82|69|81|,0|0|0|0|0|0|0|0|0|0|0|0|0|0|0|0|0|,0|0|0|0|0|0|0|0|0|0|0|0|0|0|0|0|0|,0|0|0|0|0|0|0|0|0|0|0|0|0|0|0|0|0|,1189|141|41|57|53|97|59|79|51|100|58|82|55|84|82|69|81|,0|0|0|0|0|0|0|0|0|0|0|0|0|0|0|0|0|,1189|141|41|57|53|97|59|79|51|100|58|82|55|84|82|69|81|,0|0|0|0|0|0|0|0|0|0|0|0|0|0|0|0|,0|0|0|0|0|0|0|0|0|0|0|0|0|0|0|0|0|,0|0|0|0|0|0|0|0|0|0|0|0|0|0|0|0|0|,8000.0|500.0|500.0|500.0|500.0|500.0|500.0|500.0|500.0|500.0|500.0|500.0|500.0|500.0|500.0|500.0|500.0|,0|0|0|0|0|0|0|0|0|0|0|0|0|0|0|0|0|,0|0|0|0|0|0|0|0|0|0|0|0|0|0|0|0|0|,0|0|0|0|0|0|0|0|0|0|0|0|0|0|0|0|0|,0|0|0|0|0|0|0|0|0|0|0|0|0|0|0|0|,1189|141|41|57|53|97|59|79|51|100|58|82|55|84|82|69|81|,550|66|20|29|31|28|25|40|29|47|24|41|26|37|35|36|36|,639|75|21|28|22|69|34|39|22|53|34|41|29|47|47|33|45|,4|4|3|4|4|4|4|4|4|4|3|4|4|4|4|4|4|,0.38281386497052816|0.37161108596147063|0.21653777513384875|0.4024315173899662|0.39729441082235684|0.41492188330322033|0.3916977879919563|0.3807082198365648|0.3814878892733564|0.40674999999999994|0.21722651605231869|0.37994497323022003|0.4076859504132232|0.34318310657596374|0.3907644259369423|0.37056290695232086|0.40759792714525234|,0.4558452481076535|0.425531914893617|0.2682926829268293|0.47368421052631576|0.4528301886792453|0.5773195876288659|0.4576271186440678|0.43037974683544306|0.46078431372549017|0.55|0.28448275862068967|0.49390243902439024|0.5181818181818182|0.32142857142857145|0.47560975609756095|0.47101449275362317|0.5|,0.7964676198486123,0.20353238015138772,0.671152228763667,0.3288477712363331,0,0,NA,NA,NA,NA,NA,NA,NA,NA,NA,NA,NA,NA,NA,NA,NA,NA,0,0|0|0|0|0|0|0|0|0|0|0|0|0|0|0|0|,0|0|0|0|0|0|0|0|0|0|0|0|0|0|0|0|,0|0|0|0|0|0|0|0|0|0|0|0|0|0|0|0|,75|21|28|22|69|34|39|22|53|34|41|29|47|47|33|45|,0|0|0|0|0|0|0|0|0|0|0|0|0|0|0|0|,0|0|0|0|0|0|0|0|0|0|0|0|0|0|0|0|,0,0,0,0,0,0,
10,8000.0|500.0|500.0|500.0|500.0|500.0|500.0|500.0|500.0|500.0|500.0|500.0|500.0|500.0|500.0|500.0|500.0|,0.38184663536776214,639|75|21|28|22|69|34|39|22|53|34|41|29|47|47|33|45|,0.0|0.0|0.0|0.0|0.0|0.0|0.0|0.0|0.0|0.0|0.0|0.0|0.0|0.0|0.0|0.0|,0.0|0.0|0.0|0.0|0.0|0.0|0.0|0.0|0.0|0.0|0.0|0.0|0.0|0.0|0.0|0.0|,639|75|21|28|22|69|34|39|22|53|34|41|29|47|47|33|45|,0|0|0|0|0|0|0|0|0|0|0|0|0|0|0|0|0|,0|0|0|0|0|0|0|0|0|0|0|0|0|0|0|0|0|,0|0|0|0|0|0|0|0|0|0|0|0|0|0|0|0|0|,639|75|21|28|22|69|34|39|22|53|34|41|29|47|47|33|45|,0|0|0|0|0|0|0|0|0|0|0|0|0|0|0|0|0|,0|0|0|0|0|0|0|0|0|0|0|0|0|0|0|0|0|,0|0|0|0|0|0|0|0|0|0|0|0|0|0|0|0|0|,639,0,0,0|0|0|0|0|0|0|0|0|0|0|0|0|0|0|0|0|,0|0|0|0|0|0|0|0|0|0|0|0|0|0|0|0|0|,0|0|0|0|0|0|0|0|0|0|0|0|0|0|0|0|0|,0|0|0|0|0|0|0|0|0|0|0|0|0|0|0|0|0|,0|0|0|0|0|0|0|0|0|0|0|0|0|0|0|0|,0|0|0|0|0|0|0|0|0|0|0|0|0|0|0|0|0|,0|0|0|0|0|0|0|0|0|0|0|0|0|0|0|0|0|,15500.0|8000.0|500.0|500.0|500.0|500.0|500.0|500.0|500.0|500.0|500.0|500.0|500.0|500.0|500.0|500.0|500.0|,639|75|21|28|22|69|34|39|22|53|34|41|29|47|47|33|45|,0|0|0|0|0|0|0|0|0|0|0|0|0|0|0|0|0|,0|0|0|0|0|0|0|0|0|0|0|0|0|0|0|0|0|,0|0|0|0|0|0|0|0|0|0|0|0|0|0|0|0|0|,639|75|21|28|22|69|34|39|22|53|34|41|29|47|47|33|45|,0|0|0|0|0|0|0|0|0|0|0|0|0|0|0|0|0|,639|75|21|28|22|69|34|39|22|53|34|41|29|47|47|33|45|,0|0|0|0|0|0|0|0|0|0|0|0|0|0|0|0|,0|0|0|0|0|0|0|0|0|0|0|0|0|0|0|0|0|,0|0|0|0|0|0|0|0|0|0|0|0|0|0|0|0|0|,8000.0|500.0|500.0|500.0|500.0|500.0|500.0|500.0|500.0|500.0|500.0|500.0|500.0|500.0|500.0|500.0|500.0|,0|0|0|0|0|0|0|0|0|0|0|0|0|0|0|0|0|,0|0|0|0|0|0|0|0|0|0|0|0|0|0|0|0|0|,0|0|0|0|0|0|0|0|0|0|0|0|0|0|0|0|0|,0|0|0|0|0|0|0|0|0|0|0|0|0|0|0|0|,639|75|21|28|22|69|34|39|22|53|34|41|29|47|47|33|45|,395|43|12|15|13|47|22|22|17|28|19|25|22|29|32|21|28|,244|32|9|13|9|22|12|17|5|25|15|16|7|18|15|12|17|,4|4|3|4|4|4|4|4|4|4|3|4|4|4|4|4|4|,0.3827172739094976|0.3607555555555555|0.22959183673469374|0.42825255102040805|0.33832644628099173|0.4085801302247427|0.3795415224913494|0.37952005259697563|0.4121900826446281|0.4136703453186187|0.19463667820069208|0.37031528851873885|0.39030915576694425|0.301607062019013|0.40583974649162513|0.3806244260789715|0.4104938271604939|,0.46322378716744916|0.43333333333333335|0.30952380952380953|0.5178571428571429|0.38636363636363635|0.572463768115942|0.4264705882352941|0.44871794871794873|0.5454545454545454|0.5849056603773585|0.2647058823529412|0.5121951219512195|0.46551724137931033|0.30851063829787234|0.48936170212765956|0.48484848484848486|0.5|,0.7863849765258216,0.2136150234741784,0.687793427230047,0.31220657276995306,0,0,NA,NA,NA,NA,NA,NA,NA,NA,NA,NA,NA,NA,NA,NA,NA,NA,0,0|0|0|0|0|0|0|0|0|0|0|0|0|0|0|0|,0|0|0|0|0|0|0|0|0|0|0|0|0|0|0|0|,0|0|0|0|0|0|0|0|0|0|0|0|0|0|0|0|,32|9|13|9|22|12|17|5|25|15|16|7|18|15|12|17|,0|0|0|0|0|0|0|0|0|0|0|0|0|0|0|0|,0|0|0|0|0|0|0|0|0|0|0|0|0|0|0|0|,0,0,0,0,0,0,
11,8000.0|500.0|500.0|500.0|500.0|500.0|500.0|500.0|500.0|500.0|500.0|500.0|500.0|500.0|500.0|500.0|500.0|,0.35655737704918034,244|32|9|13|9|22|12|17|5|25|15|16|7|18|15|12|17|,0.0|0.0|0.0|0.0|0.0|0.0|0.0|0.0|0.0|0.0|0.0|0.0|0.0|0.0|0.0|0.0|,0.0|0.0|0.0|0.0|0.0|0.0|0.0|0.0|0.0|0.0|0.0|0.0|0.0|0.0|0.0|0.0|,244|32|9|13|9|22|12|17|5|25|15|16|7|18|15|12|17|,0|0|0|0|0|0|0|0|0|0|0|0|0|0|0|0|0|,0|0|0|0|0|0|0|0|0|0|0|0|0|0|0|0|0|,0|0|0|0|0|0|0|0|0|0|0|0|0|0|0|0|0|,244|32|9|13|9|22|12|17|5|25|15|16|7|18|15|12|17|,0|0|0|0|0|0|0|0|0|0|0|0|0|0|0|0|0|,0|0|0|0|0|0|0|0|0|0|0|0|0|0|0|0|0|,0|0|0|0|0|0|0|0|0|0|0|0|0|0|0|0|0|,244,0,0,0|0|0|0|0|0|0|0|0|0|0|0|0|0|0|0|0|,0|0|0|0|0|0|0|0|0|0|0|0|0|0|0|0|0|,0|0|0|0|0|0|0|0|0|0|0|0|0|0|0|0|0|,0|0|0|0|0|0|0|0|0|0|0|0|0|0|0|0|0|,0|0|0|0|0|0|0|0|0|0|0|0|0|0|0|0|,0|0|0|0|0|0|0|0|0|0|0|0|0|0|0|0|0|,0|0|0|0|0|0|0|0|0|0|0|0|0|0|0|0|0|,15500.0|8000.0|500.0|500.0|500.0|500.0|500.0|500.0|500.0|500.0|500.0|500.0|500.0|500.0|500.0|500.0|500.0|,244|32|9|13|9|22|12|17|5|25|15|16|7|18|15|12|17|,0|0|0|0|0|0|0|0|0|0|0|0|0|0|0|0|0|,0|0|0|0|0|0|0|0|0|0|0|0|0|0|0|0|0|,0|0|0|0|0|0|0|0|0|0|0|0|0|0|0|0|0|,244|32|9|13|9|22|12|17|5|25|15|16|7|18|15|12|17|,0|0|0|0|0|0|0|0|0|0|0|0|0|0|0|0|0|,244|32|9|13|9|22|12|17|5|25|15|16|7|18|15|12|17|,0|0|0|0|0|0|0|0|0|0|0|0|0|0|0|0|,0|0|0|0|0|0|0|0|0|0|0|0|0|0|0|0|0|,0|0|0|0|0|0|0|0|0|0|0|0|0|0|0|0|0|,8000.0|500.0|500.0|500.0|500.0|500.0|500.0|500.0|500.0|500.0|500.0|500.0|500.0|500.0|500.0|500.0|500.0|,0|0|0|0|0|0|0|0|0|0|0|0|0|0|0|0|0|,0|0|0|0|0|0|0|0|0|0|0|0|0|0|0|0|0|,0|0|0|0|0|0|0|0|0|0|0|0|0|0|0|0|0|,0|0|0|0|0|0|0|0|0|0|0|0|0|0|0|0|,244|32|9|13|9|22|12|17|5|25|15|16|7|18|15|12|17|,157|22|4|9|3|17|8|9|4|17|11|10|3|13|11|7|9|,87|10|5|4|6|5|4|8|1|8|4|6|4|5|4|5|8|,4|4|3|4|4|4|4|4|3|4|3|4|4|4|4|4|4|,0.38016914135984947|0.365966796875|0.2222222222222222|0.36834319526627224|0.3734567901234567|0.45609504132231404|0.3524305555555556|0.3295847750865052|0.20999999999999996|0.40959999999999996|0.1955555555555556|0.3779296875|0.3979591836734694|0.2716049382716049|0.3699999999999999|0.3940972222222222|0.4437716262975778|,0.4692622950819672|0.421875|0.3333333333333333|0.5|0.3888888888888889|0.7045454545454546|0.4583333333333333|0.38235294117647056|0.3|0.52|0.26666666666666666|0.53125|0.5714285714285714|0.3333333333333333|0.5|0.4583333333333333|0.6176470588235294|,0.7848360655737705,0.2151639344262295,0.6967213114754098,0.30327868852459017,0,0,NA,NA,NA,NA,NA,NA,NA,NA,NA,NA,NA,NA,NA,NA,NA,NA,0,0|0|0|0|0|0|0|0|0|0|0|0|0|0|0|0|,0|0|0|0|0|0|0|0|0|0|0|0|0|0|0|0|,0|0|0|0|0|0|0|0|0|0|0|0|0|0|0|0|,10|5|4|6|5|4|8|1|8|4|6|4|5|4|5|8|,0|0|0|0|0|0|0|0|0|0|0|0|0|0|0|0|,0|0|0|0|0|0|0|0|0|0|0|0|0|0|0|0|,0,0,0,0,0,0,
12,8000.0|500.0|500.0|500.0|500.0|500.0|500.0|500.0|500.0|500.0|500.0|500.0|500.0|500.0|500.0|500.0|500.0|,0.3333333333333333,87|10|5|4|6|5|4|8|1|8|4|6|4|5|4|5|8|,0.0|0.0|0.0|0.0|0.0|0.0|0.0|0.0|0.0|0.0|0.0|0.0|0.0|0.0|0.0|0.0|,0.0|0.0|0.0|0.0|0.0|0.0|0.0|0.0|0.0|0.0|0.0|0.0|0.0|0.0|0.0|0.0|,87|10|5|4|6|5|4|8|1|8|4|6|4|5|4|5|8|,0|0|0|0|0|0|0|0|0|0|0|0|0|0|0|0|0|,0|0|0|0|0|0|0|0|0|0|0|0|0|0|0|0|0|,0|0|0|0|0|0|0|0|0|0|0|0|0|0|0|0|0|,87|10|5|4|6|5|4|8|1|8|4|6|4|5|4|5|8|,0|0|0|0|0|0|0|0|0|0|0|0|0|0|0|0|0|,0|0|0|0|0|0|0|0|0|0|0|0|0|0|0|0|0|,0|0|0|0|0|0|0|0|0|0|0|0|0|0|0|0|0|,87,0,0,0|0|0|0|0|0|0|0|0|0|0|0|0|0|0|0|0|,0|0|0|0|0|0|0|0|0|0|0|0|0|0|0|0|0|,0|0|0|0|0|0|0|0|0|0|0|0|0|0|0|0|0|,0|0|0|0|0|0|0|0|0|0|0|0|0|0|0|0|0|,0|0|0|0|0|0|0|0|0|0|0|0|0|0|0|0|,0|0|0|0|0|0|0|0|0|0|0|0|0|0|0|0|0|,0|0|0|0|0|0|0|0|0|0|0|0|0|0|0|0|0|,15500.0|8000.0|500.0|500.0|500.0|500.0|500.0|500.0|500.0|500.0|500.0|500.0|500.0|500.0|500.0|500.0|500.0|,87|10|5|4|6|5|4|8|1|8|4|6|4|5|4|5|8|,0|0|0|0|0|0|0|0|0|0|0|0|0|0|0|0|0|,0|0|0|0|0|0|0|0|0|0|0|0|0|0|0|0|0|,0|0|0|0|0|0|0|0|0|0|0|0|0|0|0|0|0|,87|10|5|4|6|5|4|8|1|8|4|6|4|5|4|5|8|,0|0|0|0|0|0|0|0|0|0|0|0|0|0|0|0|0|,87|10|5|4|6|5|4|8|1|8|4|6|4|5|4|5|8|,0|0|0|0|0|0|0|0|0|0|0|0|0|0|0|0|,0|0|0|0|0|0|0|0|0|0|0|0|0|0|0|0|0|,0|0|0|0|0|0|0|0|0|0|0|0|0|0|0|0|0|,8000.0|500.0|500.0|500.0|500.0|500.0|500.0|500.0|500.0|500.0|500.0|500.0|500.0|500.0|500.0|500.0|500.0|,0|0|0|0|0|0|0|0|0|0|0|0|0|0|0|0|0|,0|0|0|0|0|0|0|0|0|0|0|0|0|0|0|0|0|,0|0|0|0|0|0|0|0|0|0|0|0|0|0|0|0|0|,0|0|0|0|0|0|0|0|0|0|0|0|0|0|0|0|,87|10|5|4|6|5|4|8|1|8|4|6|4|5|4|5|8|,58|5|3|3|4|4|4|6|1|5|3|4|3|2|3|2|6|,29|5|2|1|2|1|0|2|0|3|1|2|1|3|1|3|2|,4|4|3|4|4|4|4|4|3|4|3|4|4|4|4|3|4|,0.36457920465054827|0.3474999999999999|0.20999999999999996|0.296875|0.4097222222222222|0.29999999999999993|0.4375|0.3046875|0.25|0.3984375|0.1875|0.32638888888888884|0.375|0.31999999999999984|0.34375|0.20999999999999996|0.40234375|,0.4367816091954023|0.45|0.3|0.375|0.4166666666666667|0.4|0.75|0.375|0.5|0.5|0.25|0.4166666666666667|0.5|0.4|0.5|0.3|0.5625|,0.7873563218390804,0.21264367816091953,0.7298850574712644,0.27011494252873564,0,0,NA,NA,NA,NA,NA,NA,NA,NA,NA,NA,NA,NA,NA,NA,NA,NA,0,0|0|0|0|0|0|0|0|0|0|0|0|0|0|0|0|,0|0|0|0|0|0|0|0|0|0|0|0|0|0|0|0|,0|0|0|0|0|0|0|0|0|0|0|0|0|0|0|0|,5|2|1|2|1|0|2|0|3|1|2|1|3|1|3|2|,0|0|0|0|0|0|0|0|0|0|0|0|0|0|0|0|,0|0|0|0|0|0|0|0|0|0|0|0|0|0|0|0|,0,0,0,0,0,0,
13,8000.0|500.0|500.0|500.0|500.0|500.0|500.0|500.0|500.0|500.0|500.0|500.0|500.0|500.0|500.0|500.0|500.0|,0.3448275862068966,29|5|2|1|2|1|0|2|0|3|1|2|1|3|1|3|2|,0.0|0.0|0.0|0.0|0.0|nan|0.0|nan|0.0|0.0|0.0|0.0|0.0|0.0|0.0|0.0|,0.0|0.0|0.0|0.0|0.0|nan|0.0|nan|0.0|0.0|0.0|0.0|0.0|0.0|0.0|0.0|,29|5|2|1|2|1|0|2|0|3|1|2|1|3|1|3|2|,0|0|0|0|0|0|0|0|0|0|0|0|0|0|0|0|0|,0|0|0|0|0|0|0|0|0|0|0|0|0|0|0|0|0|,0|0|0|0|0|0|0|0|0|0|0|0|0|0|0|0|0|,29|5|2|1|2|1|0|2|0|3|1|2|1|3|1|3|2|,0|0|0|0|0|0|0|0|0|0|0|0|0|0|0|0|0|,0|0|0|0|0|0|0|0|0|0|0|0|0|0|0|0|0|,0|0|0|0|0|0|0|0|0|0|0|0|0|0|0|0|0|,29,0,0,0|0|0|0|0|0|0|0|0|0|0|0|0|0|0|0|0|,0|0|0|0|0|0|0|0|0|0|0|0|0|0|0|0|0|,0|0|0|0|0|0|0|0|0|0|0|0|0|0|0|0|0|,0|0|0|0|0|0|0|0|0|0|0|0|0|0|0|0|0|,0|0|0|0|0|0|0|0|0|0|0|0|0|0|0|0|,0|0|0|0|0|0|0|0|0|0|0|0|0|0|0|0|0|,0|0|0|0|0|0|0|0|0|0|0|0|0|0|0|0|0|,15500.0|8000.0|500.0|500.0|500.0|500.0|500.0|500.0|500.0|500.0|500.0|500.0|500.0|500.0|500.0|500.0|500.0|,29|5|2|1|2|1|0|2|0|3|1|2|1|3|1|3|2|,0|0|0|0|0|0|0|0|0|0|0|0|0|0|0|0|0|,0|0|0|0|0|0|0|0|0|0|0|0|0|0|0|0|0|,0|0|0|0|0|0|0|0|0|0|0|0|0|0|0|0|0|,29|5|2|1|2|1|0|2|0|3|1|2|1|3|1|3|2|,0|0|0|0|0|0|0|0|0|0|0|0|0|0|0|0|0|,29|5|2|1|2|1|0|2|0|3|1|2|1|3|1|3|2|,0|0|0|0|0|0|0|0|0|0|0|0|0|0|0|0|,0|0|0|0|0|0|0|0|0|0|0|0|0|0|0|0|0|,0|0|0|0|0|0|0|0|0|0|0|0|0|0|0|0|0|,8000.0|500.0|500.0|500.0|500.0|500.0|500.0|500.0|500.0|500.0|500.0|500.0|500.0|500.0|500.0|500.0|500.0|,0|0|0|0|0|0|0|0|0|0|0|0|0|0|0|0|0|,0|0|0|0|0|0|0|0|0|0|0|0|0|0|0|0|0|,0|0|0|0|0|0|0|0|0|0|0|0|0|0|0|0|0|,0|0|0|0|0|0|0|0|0|0|0|0|0|0|0|0|,29|5|2|1|2|1|0|2|0|3|1|2|1|3|1|3|2|,19|4|1|1|1|0|0|2|0|1|0|1|1|3|1|1|2|,10|1|1|0|1|1|0|0|0|2|1|1|0|0|0|2|0|,4|4|3|4|4|3|0|3|0|4|3|3|2|4|3|3|4|,0.34542211652794297|0.31999999999999984|0.1875|0.5|0.375|0.25|0.0|0.1875|0.0|0.38888888888888884|0.25|0.1875|0.0|0.36111111111111116|0.25|0.13888888888888884|0.375|,0.3793103448275862|0.4|0.25|1.0|0.5|0.5|0.0|0.25|0.0|0.3333333333333333|0.5|0.25|0.0|0.5|0.5|0.16666666666666666|0.5|,0.8103448275862069,0.1896551724137931,0.7413793103448276,0.25862068965517243,0,0,NA,NA,NA,NA,NA,NA,NA,NA,NA,NA,NA,NA,NA,NA,NA,NA,0,0|0|0|0|0|0|0|0|0|0|0|0|0|0|0|0|,0|0|0|0|0|0|0|0|0|0|0|0|0|0|0|0|,0|0|0|0|0|0|0|0|0|0|0|0|0|0|0|0|,1|1|0|1|1|0|0|0|2|1|1|0|0|0|2|0|,0|0|0|0|0|0|0|0|0|0|0|0|0|0|0|0|,0|0|0|0|0|0|0|0|0|0|0|0|0|0|0|0|,0,0,0,0,0,0,
14,8000.0|500.0|500.0|500.0|500.0|500.0|500.0|500.0|500.0|500.0|500.0|500.0|500.0|500.0|500.0|500.0|500.0|,0.4,10|1|1|0|1|1|0|0|0|2|1|1|0|0|0|2|0|,0.0|0.0|nan|0.0|0.0|nan|nan|nan|0.0|0.0|0.0|nan|nan|nan|0.0|nan|,0.0|0.0|nan|0.0|0.0|nan|nan|nan|0.0|0.0|0.0|nan|nan|nan|0.0|nan|,10|1|1|0|1|1|0|0|0|2|1|1|0|0|0|2|0|,0|0|0|0|0|0|0|0|0|0|0|0|0|0|0|0|0|,0|0|0|0|0|0|0|0|0|0|0|0|0|0|0|0|0|,0|0|0|0|0|0|0|0|0|0|0|0|0|0|0|0|0|,10|1|1|0|1|1|0|0|0|2|1|1|0|0|0|2|0|,0|0|0|0|0|0|0|0|0|0|0|0|0|0|0|0|0|,0|0|0|0|0|0|0|0|0|0|0|0|0|0|0|0|0|,0|0|0|0|0|0|0|0|0|0|0|0|0|0|0|0|0|,10,0,0,0|0|0|0|0|0|0|0|0|0|0|0|0|0|0|0|0|,0|0|0|0|0|0|0|0|0|0|0|0|0|0|0|0|0|,0|0|0|0|0|0|0|0|0|0|0|0|0|0|0|0|0|,0|0|0|0|0|0|0|0|0|0|0|0|0|0|0|0|0|,0|0|0|0|0|0|0|0|0|0|0|0|0|0|0|0|,0|0|0|0|0|0|0|0|0|0|0|0|0|0|0|0|0|,0|0|0|0|0|0|0|0|0|0|0|0|0|0|0|0|0|,15500.0|8000.0|500.0|500.0|500.0|500.0|500.0|500.0|500.0|500.0|500.0|500.0|500.0|500.0|500.0|500.0|500.0|,10|1|1|0|1|1|0|0|0|2|1|1|0|0|0|2|0|,0|0|0|0|0|0|0|0|0|0|0|0|0|0|0|0|0|,0|0|0|0|0|0|0|0|0|0|0|0|0|0|0|0|0|,0|0|0|0|0|0|0|0|0|0|0|0|0|0|0|0|0|,10|1|1|0|1|1|0|0|0|2|1|1|0|0|0|2|0|,0|0|0|0|0|0|0|0|0|0|0|0|0|0|0|0|0|,10|1|1|0|1|1|0|0|0|2|1|1|0|0|0|2|0|,0|0|0|0|0|0|0|0|0|0|0|0|0|0|0|0|,0|0|0|0|0|0|0|0|0|0|0|0|0|0|0|0|0|,0|0|0|0|0|0|0|0|0|0|0|0|0|0|0|0|0|,8000.0|500.0|500.0|500.0|500.0|500.0|500.0|500.0|500.0|500.0|500.0|500.0|500.0|500.0|500.0|500.0|500.0|,0|0|0|0|0|0|0|0|0|0|0|0|0|0|0|0|0|,0|0|0|0|0|0|0|0|0|0|0|0|0|0|0|0|0|,0|0|0|0|0|0|0|0|0|0|0|0|0|0|0|0|0|,0|0|0|0|0|0|0|0|0|0|0|0|0|0|0|0|,10|1|1|0|1|1|0|0|0|2|1|1|0|0|0|2|0|,6|0|1|0|0|1|0|0|0|1|0|1|0|0|0|2|0|,4|1|0|0|1|0|0|0|0|1|1|0|0|0|0|0|0|,4|2|3|0|3|3|0|0|0|4|3|3|0|0|0|3|0|,0.3375|0.0|0.25|0.0|0.25|0.25|0.0|0.0|0.0|0.4375|0.25|0.25|0.0|0.0|0.0|0.1875|0.0|,0.35|0.0|0.5|0.0|0.5|0.5|0.0|0.0|0.0|0.25|0.5|0.5|0.0|0.0|0.0|0.25|0.0|,0.85,0.15,0.7,0.3,0,0,NA,NA,NA,NA,NA,NA,NA,NA,NA,NA,NA,NA,NA,NA,NA,NA,0,0|0|0|0|0|0|0|0|0|0|0|0|0|0|0|0|,0|0|0|0|0|0|0|0|0|0|0|0|0|0|0|0|,0|0|0|0|0|0|0|0|0|0|0|0|0|0|0|0|,1|0|0|1|0|0|0|0|1|1|0|0|0|0|0|0|,0|0|0|0|0|0|0|0|0|0|0|0|0|0|0|0|,0|0|0|0|0|0|0|0|0|0|0|0|0|0|0|0|,0,0,0,0,0,0,
15,8000.0|500.0|500.0|500.0|500.0|500.0|500.0|500.0|500.0|500.0|500.0|500.0|500.0|500.0|500.0|500.0|500.0|,0.0,4|1|0|0|1|0|0|0|0|1|1|0|0|0|0|0|0|,0.0|nan|nan|0.0|nan|nan|nan|nan|0.0|0.0|nan|nan|nan|nan|nan|nan|,0.0|nan|nan|0.0|nan|nan|nan|nan|0.0|0.0|nan|nan|nan|nan|nan|nan|,4|1|0|0|1|0|0|0|0|1|1|0|0|0|0|0|0|,0|0|0|0|0|0|0|0|0|0|0|0|0|0|0|0|0|,0|0|0|0|0|0|0|0|0|0|0|0|0|0|0|0|0|,0|0|0|0|0|0|0|0|0|0|0|0|0|0|0|0|0|,4|1|0|0|1|0|0|0|0|1|1|0|0|0|0|0|0|,0|0|0|0|0|0|0|0|0|0|0|0|0|0|0|0|0|,0|0|0|0|0|0|0|0|0|0|0|0|0|0|0|0|0|,0|0|0|0|0|0|0|0|0|0|0|0|0|0|0|0|0|,4,0,0,0|0|0|0|0|0|0|0|0|0|0|0|0|0|0|0|0|,0|0|0|0|0|0|0|0|0|0|0|0|0|0|0|0|0|,0|0|0|0|0|0|0|0|0|0|0|0|0|0|0|0|0|,0|0|0|0|0|0|0|0|0|0|0|0|0|0|0|0|0|,0|0|0|0|0|0|0|0|0|0|0|0|0|0|0|0|,0|0|0|0|0|0|0|0|0|0|0|0|0|0|0|0|0|,0|0|0|0|0|0|0|0|0|0|0|0|0|0|0|0|0|,15500.0|8000.0|500.0|500.0|500.0|500.0|500.0|500.0|500.0|500.0|500.0|500.0|500.0|500.0|500.0|500.0|500.0|,4|1|0|0|1|0|0|0|0|1|1|0|0|0|0|0|0|,0|0|0|0|0|0|0|0|0|0|0|0|0|0|0|0|0|,0|0|0|0|0|0|0|0|0|0|0|0|0|0|0|0|0|,0|0|0|0|0|0|0|0|0|0|0|0|0|0|0|0|0|,4|1|0|0|1|0|0|0|0|1|1|0|0|0|0|0|0|,0|0|0|0|0|0|0|0|0|0|0|0|0|0|0|0|0|,4|1|0|0|1|0|0|0|0|1|1|0|0|0|0|0|0|,0|0|0|0|0|0|0|0|0|0|0|0|0|0|0|0|,0|0|0|0|0|0|0|0|0|0|0|0|0|0|0|0|0|,0|0|0|0|0|0|0|0|0|0|0|0|0|0|0|0|0|,8000.0|500.0|500.0|500.0|500.0|500.0|500.0|500.0|500.0|500.0|500.0|500.0|500.0|500.0|500.0|500.0|500.0|,0|0|0|0|0|0|0|0|0|0|0|0|0|0|0|0|0|,0|0|0|0|0|0|0|0|0|0|0|0|0|0|0|0|0|,0|0|0|0|0|0|0|0|0|0|0|0|0|0|0|0|0|,0|0|0|0|0|0|0|0|0|0|0|0|0|0|0|0|,4|1|0|0|1|0|0|0|0|1|1|0|0|0|0|0|0|,4|1|0|0|1|0|0|0|0|1|1|0|0|0|0|0|0|,0|0|0|0|0|0|0|0|0|0|0|0|0|0|0|0|0|,3|2|0|0|3|0|0|0|0|2|3|0|0|0|0|0|0|,0.1875|0.0|0.0|0.0|0.25|0.0|0.0|0.0|0.0|0.0|0.25|0.0|0.0|0.0|0.0|0.0|0.0|,0.25|0.0|0.0|0.0|0.5|0.0|0.0|0.0|0.0|0.0|0.5|0.0|0.0|0.0|0.0|0.0|0.0|,1.0,0.0,0.75,0.25,0,0,NA,NA,NA,NA,NA,NA,NA,NA,NA,NA,NA,NA,NA,NA,NA,NA,0,0|0|0|0|0|0|0|0|0|0|0|0|0|0|0|0|,0|0|0|0|0|0|0|0|0|0|0|0|0|0|0|0|,0|0|0|0|0|0|0|0|0|0|0|0|0|0|0|0|,0|0|0|0|0|0|0|0|0|0|0|0|0|0|0|0|,0|0|0|0|0|0|0|0|0|0|0|0|0|0|0|0|,0|0|0|0|0|0|0|0|0|0|0|0|0|0|0|0|,0,0,0,0,0,0,
